hair-affair.co.ukcrystalcleanhousekeepingservices.com,-1
zicail.com,466
essentialdata.com,253
thefitcookie.com,903
homecooksworld.com,750
tap.health,4975
furniturerepairandrestoration.com,0
eatingchoice.com,24302
themouldmen.com,11
bitespeak.com,3905
tastesofhomemade.com,409
lightandlayer.com,4368
qualitycleanservice.com,139
creativenest.org,25
safelyio.com,66
furnitureservices.com,0
zumibeauty.com.au,0
storyandhome.com,578
upstairsdownstairscleaning.com,58
letthyfood.com,90
farmtojar.com,456
makingsenseofcents.com,1570
theprocesshacker.com,543
lumiformapp.com,0
byretreat.com,3495
thedrinkdiaries.com,203
homecleaningandrepairs.com,70
frugallifeproject.com,60
yourbakingbestie.com,324
homesteadingfamily.com,649
breadflavors.com,61
theshakencocktail.com,72
bowl-me-over.com,1002
stylinbysarita.com,243
airpurifierfirst.com,377
themealprepninja.com,167
guide.thecooldown.com,0
sohappyyoulikedit.com,706
mealprepmap.com,563
ccs-co.com,1542
intentionalwellnessinc.com,142
nurturinghomeaid.com,20381
thunderwoodhandyman.com,-1
everythingmom.com,467
traditionallymodernfood.com,1193
smiledesigndentistry.com,195
mamashire.com,331
thecompleteherbalguide.com,3130
accessbathroom.com,877
furniturerestorations.us,1
hublabels.com,64
betterhouselife.com,30
behealthypa.org,0
askthescientists.com,426
sophieuliano.com,1681
purplecraftdiva.com,62
petodorsolution.com,84
learnleansigma.com,0
garagetested.com,96
airpurifiermaster.com,105
bowencollege.com,247
alecooks.com,1522
merzkecustomwoodworking.com,44
setupmyhotel.com,868
hackspirit.com,280
mixthatdrink.com,1131
foodtank.com,5331
remexusa.com,226
everytastes.com,125
cardinalcleaning.com,63
glutenfreestories.com,184
thriveyard.com,37
drinksworld.com,307
hellamaid.ca,643
sixsigmastudyguide.com,360
makefoodlovely.com,223
foodbankonline.org,49
neathousesweethome.com,243
homehealthcarenews.com,9617
airpurifiers.com,391
lifeasmom.com,958
carpetreviewed.com,8646
goodemma.com,931
recipesmeat.net,124
microwaveinsider.com,9737
seekingthyme.com,64
gutnow.com,324
handcraftcool.com,0
sagecleaner.com,11
theintentionhabit.com,112
techiehomeschoolmom.com,408
chrissservices.com,0
jaxfurniturerefinishingandupholstering.com,106
squarehvac.com,-1
vibrantlygfree.com,-1
allfurnitureservices.com,0
buildbetterhouse.com,182
discuskeeper.com,447
housefixmaster.com,15728
nrcne.org,798
triedandtrueblog.com,1042
alicatstudios.com,35
myvoda.com,48
ackermans.com,26
ezgogolfcartguide.com,14
todaysrdh.com,1780
naturalhealingmagazine.com,1786
insightscare.com,2422
blackhillrestoration.com,141
imahealth.org,1497
healthier-patriot.com,871
marilyn-manson.com,3242
futuresrecoveryhealthcare.com,434
juiceradvices.com,4157
tips.simplygoodstuff.com,406
aaptiv.com,0
residentialsolarpanels.org,602
americanachoice.com,416
financeformyself.com,-1
priceofmeat.com,1779
modernparenting-onemega.com,5111
thecrispychef.com,1278
leanmanufacturing.online,713
7brew-menus.com,53
removeheavymetals.com,683
shalanicely.com,116
nogluten.com,60
loriballen.com,350
maidbrigade.com,640
mindbodyspiritcare.com,200
kitchen.kidneyfund.org,49
groutcleaner.com,102
infiniteflavors.blog,1944
eatperu.com,136
adamrosner.com,9
yummydrool.com,336
kitchenhim.com,-1
sofeminine.co.uk,2669
americancourseacademy.com,111
lehmanningredients.co.uk,17
philippinegetaway.com,820
blog.infs.com,649
grimesinteriors.com,0
scentsandinspiration.com,30
beautyaficionado.com,1414
amatofurniture.com,3
daringtolivefully.com,-1
topmoneytips.com,17
floridafurnitureservices.com,1
airlucent.com,321
cleancurious.com,364
luxelifemama.com,136
sanitationspecialists.com,53
sullyrestoration.com,0
therecycleguide.org,510
daybydayinourworld.com,1813
nursing.stkate.edu,12
xochristine.com,267
bestbuyguidebook.com,578
northwestautocollision.com,287
yourlifewellorganized.com,193
beautymone.com,478
guitarrepairbench.com,163
psychuniverse.com,356
webbair.com,0
northstarrestorationservices.com,108
afhh.org,111
fishkeepingadventure.com,521
moldreporter.com,936
iveals.com,94
hospitality-school.com,301
plantshospital.com,452
outliyr.com,337
airpurifierissues.com,1001
blog.psychmoments.com,-1
bodybarmd.com,211
gourmettraveller.com.au,6578
brewthatcoffee.com,124
kidsusamontessori.org,118
wecookrecipes.com,155
restonic.com,455
healthroid.com,1005
ourheritageofhealth.com,190
thehomeimproving.com,1454
winssolutions.org,704
sncleaninginc.com,23
expertprepper.co,13
seasoncontrolhvac.com,81
greenlivingideas.com,2234
habitsandhome.com,0
practicalmechanic.com,220
somewhatsimpleliving.com,134
symega.com,91
thestreetfoodguy.com,1042
simplysimplecooking.net,24
deliberatelyhere.com,180
campbells.com,0
shakeguys.com,172
nfcc.org,575
scottishscran.com,159
myamericannurse.com,7884
excel.shop,12
fitliciousmealprep.com,38
yetirestoration.com,25
alorahealth.com,337
wildwoodsmallenginerepair.com,4
idahofoodbank.org,858
usherbals.com,237
holistic-health.com,105
andrewsrefinishing.com,6
culinaryclassroom.com,209
hrcacademy.com,0
turkeyguzel.com,93
mollyshomeguide.com,18324
veganfriendly.org.uk,0
healthy-juice.co,10999
willproconstructionok.com,6
notsalmon.com,4169
heritagemom.com,232
greenerinsights.com,110
thirstytales.com,4697
start-a-garden.com,1342
printblame.com,0
temperaturemaster.com,791
chefol.com,1836
myminichefs.com,167
vanburencd.org,139
freefromfavourites.com,9
pca-int.com,5
afternoonteareads.com,371
aromadesigners.com,87
feathersfins.com,10
nexrep.com,24
resultstc.com,408
ductdoctorbirmingham.com,114
thekelliekitchen.com,272
crumbsandchaos.net,747
sheneedscoffee.com,196
brightstuffs.com,842
fightbac.org,0
wellingtonhometeam.com,2863
afcurgentcare.com,323
flexhouse.org,-1
lookinfinite.com,181
amarauche.com,41
naturalhealingguides.com,328
kejanicleaning.co.ke,665
educationwalkthrough.com,274
juliescafebakery.com,2358
mergemedicalcenter.com,0
flavcity.com,346
catorecipes.com,121
speedyfurniturerepair.com,0
dryeffect.com,274
thrivingsustainably.com,82
bindropdumpsters.com,0
cookstowndental.com,523
aswellyoushould.com,363
thebeautyinsiders.com,1023
berefinishing.com,0
snoopviews.com,363
cocktailsaway.com,-1
susanbranch.com,611
soloappliancerepair.com,113
safetysection.com,148
woodreviver.com,0
artpluscraft.com,41
healthygreenkitchen.com,928
fishingandfish.com,49727
thehelpfulgf.com,322
serescodehumidifiers.com,17
recycling.com,79
flavourpalate.com,422
tri-countyfurniture.com,9
awonderfullyimperfectlife.com,177
driphydration.com,983
moldguy.ca,174
oniusavenezia.com,190
heinens.com,741
nassp.org,331
onmycanvas.com,264
growfinancial.org,352
cocktailsandshots.com,196
mymealrecipes.com,386
wonderingescapes.com,275
interviewprep.org,15458
bernadettelance.com,171
montessori.org,2374
sustainablethrive.com,39
insightss.co,0
interiorsbyabbey.com,73
silvermaple.com,81
plumhealthyfine.com,392
emersonproservices.com,603
metrobathandtile.com,66
justaskjennp.com,137
roomcrush.com,-1
crochetitcreations.com,221
thekitchentimes.com,375
essentialhomeandgarden.com,227
thekitchenchalkboard.com,172
adhd-workbook.com,1146
fnec.cornell.edu,1
7brewnutrition.store,-1
thelunahive.com,-1
homesimprovement.com,1
thehappyturtlestraw.com,242
b-inspiredmama.com,1248
ahmfurniture.com,23
fmbespokerestoration.com,75
abcservertraining.com,107
homelifeabroad.com,-1
louisvilleantiquerestoration.com,0
holisticfamilypracticeva.com,770
achology.com,156
woodcritique.com,358
learntable.org,0
rachelcooks.com,1456
ilovegrowingmarijuana.com,2160
jamesandcatrin.com,225
crownclinic.com.au,61
diyhomewizard.com,279
nihaoma-mandarin.com,313
gpswaste.com,15
aarogyasamhita.com,0
secondtimearoundrefinishing.com,0
blog.boon.so,22166
castoroil-guide.com,715
healinghouse.com,0
hrsbham.com,22
epa.guam.gov,97
bloomandboughs.com,83
mydairyfreeglutenfreelife.com,1503
onlyglutenfreerecipes.com,195
njholistichealingandwellness.com,-1
fitfoundme.com,1927
anthuriuminfo.com,456
meghantelpner.com,813
floritica.com,133
nilmeierhomerepair.com,0
thehomesapiens.com,309
sabreheating.com,0
lucyskitchenofrecipes.com,496
thecocktailnovice.com,95
resolutionsofpalmbeach.com,130
quilterscandy.com,202
skinnykitchen.com,1157
smartgaragesolutions.com,0
theconfidentmom.com,1105
glutenbee.com,852
pilotlightchefs.org,224
nycintegrative.com,85
uploadcommunication.com,15
aromatherapyanywhere.com,202
biteswithblair.com,50
acupressureguide.com,-1
realcajunrecipes.com,36
thesimpleliferevival.com,143
dr-kelley.com,118
knowyourbest.com,5324
recipecard.io,35
decorcabinets.com,318
tpcjournal.nbcc.org,571
juicerdiary.com,116
raisingarrows.net,2030
bestratedhealth.com,598
heartfulhusle.com,70
gardeningmentor.com,0
advancedintegratedhealth.com,128
developingchild.harvard.edu,3
whatmommydoes.com,660
homeosource.org,0
greenheal.net,487
plantingguys.com,1783
terrariumquest.com,19
wnytotalbodywellness.com,1
doityourselfrv.com,2458
aaheating.com,144
smoothiegains.com,327
decentfoot.com,60202
pelleshvac.com,0
crystalcleanvents.com,132
everydayrecycler.com,180
upcyclely.com,252
brillpack.com,131
kevinian.com,255
furniturerestorationnj.com,0
spicescooking.com,134
drniveditapandey.com,620
aircomfortheatingandair.com,0
homepinballrepair.com,0
craftyforhome.com,241
deenrecipes.com,244
recipetaken.com,123
a4fitness.com,31605
mastersofkitchen.com,991
interviewquestions.guru,527
feastandwest.com,1172
protoolguide.com,417
markusfeldrestoration.com,5
thesmoothiebird.com,114
mobilityathlete.com,81
goldilockskitchen.com,373
easyfreshhome.com,256
majesticpulse.com,62
lovelymomhood.com,137
jtserviceco.com,228
thelittlepine.com,607
myfermentedfoods.com,160
mycookingmagazine.com,0
makinggoodcoffee.com,78
lifeimprovement.co.uk,103
cuernakitchen.com,102
mamamadesimple.com,59
affordablemealprep.com,8346
homesteadliving.com,54
winesofgreece.org,35
highendbarbershop.com,51
mamaknowsitall.com,1032
ikonrecoverycenters.org,109
gedminasfurniture.com,1
explorepsychology.com,347
realmomnutrition.com,447
sincebread.com,7
advance-recycling.com,8
muydelish.com,299
circlesquareoval.com,292
holisticreflexbalance.com,1
sustainablecorvallis.org,332
houstonfoodbank.org,345
toolstroke.com,0
grubbswoodworks.com,0
financialbinder.com,336
romerohardwoodfloor.com,362
simplebathohio.net,51
startathomedecor.com,567
fundraisingexpert.com,0
lifewithrumie.com,215
thecottagemarket.com,7217
cleanriver.com,0
nichepursuits.com,3619
zigzacmania.com,-1
safetynotes.net,72
movewith.com,11
odor-pros.com,19
arosetintedworld.co.uk,601
kidscraftsbythreesisters.com,48
vindusfans.com,6
mapleleaffoods.com,184
theecofriend.net,111
everythingcountryliving.com,165
alienfusiongenerator.com,11
kitchenra.com,5112
eppconcrete.com,285
poolpak.com,-1
healthyhomeaquarium.com,0
verywelhome.com,10
lifestyleofafoodie.com,953
remodelagain.com,1021
thirstpriority.com,105
mdhomedetox.com,214
homequirer.com,3711
trubahamianfoodtours.com,71
healthjuices.net,189
sensibledigs.com,886
thedairydish.com,530
eudaimoniahomes.com,941
themoldassassins.com,300
goodfoodbaddie.com,422
marialuceydietitian.com,132
littlevoicebigmatter.com,88
climatecosmos.com,7022
mylifecookbook.com,1312
debt.com,387
droolrecipes.com,10664
specialdiet.healthyfood.com,0
iliveforgreens.com,292
veinard.org,764
healthy-food-choices-in-schools.extension.org,573
welovequizzes.com,0
ingreland.com,2
newhopehealth.com,196
whamwomen.com,-1
bustmold.com,10
360clean.com,197
marionskitchen.com,1220
retirementtipsandtricks.com,268
msrachelhollis.com,1106
belfor.com,0
somebodyfeedseb.com,864
airconditionerlab.com,97
nestingnicely.com,22587
godetail.com,68
greensliceoflife.com,97
dayjob.com,5763
indonesiacoconutcharcoal.net,303
bns.institute,1492
braintherapytms.com,94
njfamily.com,0
abakingjourney.com,334
allthatscrapbook.com,122
shelterness.com,7358
beagooddog.com,8123
xyzcleaningservices.com,13
naturefreshair.com,0
worldwidecare.net,176
happycozyhouse.com,62
fairfaxhearing.com,131
tipsytiaras.com,1702
allclimate.net,27
silverlininglessons.com,1708
silvermistrecovery.com,376
raphaelsantiques.com,4
jacobgrant.com,133
myuncommonsliceofsuburbia.com,1607
hemsltd.com,31
detroit-appliance.com,33
nowandpast.com,335
tagvault.org,24748
kotigi.com,809
tasteitwithtia.com,216
indianveggiedelight.com,668
nutritionresolution.com,153
boondockorbust.com,230
healthysubstitute.com,383
eatlittlebird.com,443
thecommoncentsclub.com,88
ayurvedawithrebecca.com,78
whattogetmy.com,1458
oizom.com,291
recyclenewmexico.com,0
gogi.in,8658
savvyhoney.com,698
sunriseandgrind.com,47
collectedmed.com,932
premierhce.com,11
workoutlunatic.com,43
patchproflorida.com,78
staysnatched.com,1026
homebusinessmag.com,13918
greenterracleaning.com,401
changemanagementinsight.com,402
elemental.green,625
drlauryn.com,1155
seniorslifestylemag.com,2987
eddielewis.com,9
chefsnotes.com,0
rvblogger.com,727
gordontredgold.com,2990
e360hospitality.com,45
parlourproject.com,23
bestphilippinestravelguide.com,194
markjohnsonplumbing.com,211
camperscircle.com,119
chickencheck.in,240
nationalchickencouncil.org,714
energydrinkratings.com,31
homelifeboss.com,37
tundraland.com,145
americonrestoration.com,110
sunrisespecialty.com,502
happyearthcleaning.com,8
balancedkitchen.com,235
precisionscalesinc.com,44
seniorlivingdiscounts.com,-1
commonthreads.org,124
eastsideidealhealth.com,2
ww2.georgiasouthern.edu,2
tanmenciasdental.com,577
homecookingmemories.com,769
mydriversedge.com,33
workandfamilybalance.com,70
wearekashvi.com,2
healthygallatin.org,6
excelshe.com,219
homebridgenc.com,1
bostonholistichealth.com,0
garagejournal.com,0
globalfoodconsumers.org,80
ai4beginners.com,0
onewholesomelife.com,329
dysphagiacafe.com,280
homebaking.org,280
mikefurniturerestoration.com,6
gomillionfurniture.com,7
quantumhealingpathways.com,1180
sjvc.edu,-1
firstcoasthomepros.com,-1
joannabel.com,263
purenvironmental.com,56
hvaclaboratory.com,2489
diy-crush.com,444
dogproductpicker.com,4896
operatorcoffeeco.com,450
foodandbeverageknowledge.com,94
timbersill.com,338
fitcoding.com,-1
fitelo.co,2661
hvacrcareerconnectny.com,187
holisticsandiego.com,13
tpchd.org,892
protocoolac.com,0
howtomoney.com,1471
studiobotanica.com,359
sweetgrasstradingco.com,288
askaprepper.com,2319
freeandunfettered.com,106
caiteyjay.com,113
wecareearth.com,74
thegatsbycraft.com,71
californiaprimerecovery.com,674
momsbudget.com,2311
student.com,332
sumhr.com,325
frugalreality.com,483
practicaloffgridliving.com,471
blog.sendwork.com,83
oufcu.com,8
parkcitiesathome.com,36
dynamicmomsimplified.com,7
healthsciencesforum.com,524
coalitionbrewing.com,0
housecleaningsf.com,110
goasher.com,119
protegrityrestoration.com,30
pathsoflearning.net,2967
anitashousekeeping.com,276
mold-heal.com,61
cooking-therapy.com,407
adamtasty.com,392
imyobe.com,602
theflattopking.com,231
pheelpretty.com,174
industrystandarddesign.com,1716
uncommonlywell.co,166
projecthotmess.com,482
vikalinka.com,977
hiehelpcenter.org,63
thenessykitchen.com,377
amishrules.com,224
bushcraftuk.com,216
kitchenbarrels.com,83
tealnotes.com,640
new.organicfungusnuker.com,0
lawnchick.com,281
slurpculinaryacademy.com,12
takehomesmile.com,191
healthygreenathlete.com,180
1001patterns.com,558
mamaworksfromhome.com,-1
rakomariheshel.com,6
fosterpandh.com,132
handymanharrykc.com,0
meandjorge.com,28429
grammarvocab.com,1267
robertsgaragedoors.com,31
tropicalfruitsy.com,721
southernxreptiles.com,4111
care4sugar.com,318
stitchpiecenpurl.com,120
discover.purediymagic.com,80
synonympro.com,3599
citywidemoldmitigation.com,-1
ohclary.com,392
ktjmalaysia.com,45
petfriendlyhouse.com,1396
pancakerecipes.com,303
air-quality-eng.com,85
valueyourwatch.com,276
buildingbiologyinstitute.org,2
theicn.org,374
flavorfulife.com,262
healthyvivacity.com,79
preciouscore.com,729
madnessandmethod.com,597
simplestructuredmama.com,88
cuisinenoir.com,1542
askforay.com,380
prc-pa.net,7
tropicalacai.com,-1
liquorlaboratory.com,1892
theoldschoolhouse.com,3711
andersonmagazine.com,0
heartlyrecipes.com,184
goodliife.com,557
thegoodmotherproject.com,1842
pocketfriendlyrecipes.com,0
tentoonerum.com,0
ce.edu.dental,171
relaxlangmom.com,575
handymanhomesolution.com,34
adebtfreestressfreelife.com,720
houstonsuburb.com,2051
mikeshomerepairs.com,1
inclusiveteach.com,1138
www2.fundsforngos.org,88422
devx.com,25142
easy-home-repair-tips.com,2836
kellyscleankitchen.com,576
globalwellnessinstitute.org,1692
sashashairopshub.com,62
multiplecleaning.com.au,22
lowdoughfamily.com,787
cichlidlab.com,-1
bakingwit.com,480
beautymag.com,572
hhhcenter.com,7
furniturerestorationri.com,0
outdoorapothecary.com,576
warehousewanderer.com,124
armandlee.com,30
corestaurant.org,168
gran.luchito.com,69
amac.us,0
thecoffeeguru.net,486
bostonneurodynamics.com,0
onedishkitchen.com,723
civitasseniorliving.com,668
albanhandymanservices.com,0
associatedequip.com,9
zengreen.net,344
buildingbluebird.com,327
laboratorytesting.com,0
candlemakingfun.com,134
ultimate-cosmetics.com,-1
verilymag.com,-1
greenworksllc.com,156
theattitudeadvantage.com,462
drizzlemeskinny.com,1496
alphagalinformation.org,0
carokocht.com,60
karmacoffeecafe.com,1002
skinnyfitmama.com,216
alignedmedicalgroup.com,27
liquidimageco.com,-1
traumaresearchuk.org,134
naturalmadesimple.com,24
at-my-table.com,145
angelicaangeli.com,0
fishtankadvisor.com,388
mindhealth.com.au,54
unwomenmag.com,24137
cmmonline.com,1
nfil.net,220
requestletters.com,3393
justlivewell.com,83
brilliantio.com,2621
cleanerslink.com,1747
denverdecon.com,18
cookingchops.com,134
thenookon32.com,57
indymaven.com,877
thegolfacademy.org,58
bmwrepairguide.com,0
edcprofessionalhomeinspections.com,62
themostlysimplelife.com,611
bambooexplore.com,80
lemonslavenderandlaundry.com,242
envynature.org,402
fodmapeveryday.com,762
lanstepapls.com,45
lunchbox.healthyfood.com,0
thethaiger.com,99111
hearthandhomepros.com,39
readingduck.com,0
aussiecareerinsights.com,1820
homecookingforkids.com,45
stylevanity.com,0
scoolinary.com,0
rvinspiration.com,283
lasrydentalclinic.com,88
penniesintopearls.com,444
thebobs.com,181
kalosflorida.com,-1
askbart.org,1642
organizationaltoast.com,112
streetsmartnutrition.com,369
homeguideguru.com,811
operationfoodsearch.org,423
templatehaven.com,1397
phi.org,0
hireinfluence.com,164
changeinseconds.com,326
geminithermohvac.com,-1
pursueperformance.com,0
repaintnow.com,462
rootwholebody.com,368
lisatannerwriting.com,311
retireetoday.com,208
greenlife123.com,87
simplyspotless.com.au,98
dmcoffee.blog,-1
mentalwellbeing.net,68
worthstart.com,6627
plantgrowerworld.com,10769
plantpursuits.com,0
magtekmechanical.com,8
askthehomegeek.com,84
tnmagazine.org,2614
bellewoodcottage.com,382
elixirhomecare.com,3
ourcraftymom.com,1449
flavourandvitality.com,50
antiquetreasures.us,0
reddirtramblings.com,988
leopardgecko.care,79
extrawellness.net,247
eatordrink.net,0
lifepathscounseling.com,33
veggieknowledge.com,9689
ecomstart.io,541
kaizen.com,3417
theharvestkitchen.com,652
drwillcole.com,1040
karynhaley.com,158
brazetools.com,24049
exoticfruitsandvegetables.com,826
glutenfreeheroes.com,114
ninesliving.com,227
quirkypineapples.com,95
theproteinchef.co,637
wealthtender.com,1909
4cornerresources.com,405
lowcarb-ology.com,355
mallorynikolaus.com,249
greenmaids.com,32
marymoorfurniture.com,1
thecoffeefiles.com,127
sustainablebusinessmagazine.net,1883
raincitymaids.com,144
storylikeself.com,68
thenashvillehandyman.com,12
cookinginstilettos.com,886
gohomepoint.com,49
massschoolwellness.org,92
barbecuebible.com,1827
juliannayuri.com,1321
healthuprisingnow.com,52
foodsafetyworks.com,9
thehealthclubs.com,38
unstoppablerise.com,80
thearcnw.org,240
stylewhirl.com,12910
germanfoods.org,743
aaafoodhandler.com,143
naturalbeautyobsesseed.com,536
nativenatures.com,53
worksmartlivesmart.com,436
nyc.cce.cornell.edu,86
ralphsway.com,3419
lefurniturerepair.com,60
holistic-momma.com,272
wickerwoman.com,650
physiomantra.co,654
diy.repairclinic.com,432
resolve.org,147
gosunbolt.com,47
duro-last.com,0
homefreshideas.com,179
craftingpulse.com,70
homescentify.com,155
mechtrician.com,133
acemannjr.com,612
petsmopolitan.com,53
familyplanting.com,167
facs.com,146
robeks.com,0
thesurvivalsummit.com,51
teamjp.net,2
juicernet.com,-1
femniqe.com,364
acookscompanion.com,134
cretelligent.com,106
nestofposies-blog.com,1537
crawlspacemakeover.com,118
businessguru.co,519
happyorganizedlife.com,521
ocregister.com,945240
drinkstack.com,868
turnerandschoel.com,0
coverlettersandresume.com,10965
healthinsightglobal.com,145
getfogmachine.com,339
mindfulzen.co,336
dogtime.com,8612
dannysdelight.com,0
homecleaningforyou.com,273
asthma.net,-1
foodieandwine.com,533
diabetesknow.com,670
longevitycareclinic.com,266
impactdots.com,594
ehscompliance.com,106
holfamily.com,95
totalshape.com,-1
happyfoodstube.com,722
mobilehomeideas.com,732
sunriserecoverycare.com,359
goglutenfreely.com,202
vegetarianzen.com,644
nextwhatbusiness.com,1048
elixirhomecare.com,3
ourcraftymom.com,1449
flavourandvitality.com,50
antiquetreasures.us,0
reddirtramblings.com,988
leopardgecko.care,79
extrawellness.net,247
eatordrink.net,0
lifepathscounseling.com,33
veggieknowledge.com,9689
ecomstart.io,541
kaizen.com,3417
theharvestkitchen.com,652
drwillcole.com,1040
karynhaley.com,158
brazetools.com,24049
exoticfruitsandvegetables.com,826
glutenfreeheroes.com,114
ninesliving.com,227
quirkypineapples.com,95
theproteinchef.co,637
wealthtender.com,1909
4cornerresources.com,405
lowcarb-ology.com,355
mallorynikolaus.com,249
greenmaids.com,32
marymoorfurniture.com,1
thecoffeefiles.com,127
sustainablebusinessmagazine.net,1883
raincitymaids.com,144
storylikeself.com,68
thenashvillehandyman.com,12
cookinginstilettos.com,886
gohomepoint.com,49
massschoolwellness.org,92
barbecuebible.com,1827
juliannayuri.com,1321
healthuprisingnow.com,52
foodsafetyworks.com,9
thehealthclubs.com,38
unstoppablerise.com,80
thearcnw.org,240
stylewhirl.com,12910
germanfoods.org,743
aaafoodhandler.com,143
naturalbeautyobsesseed.com,536
nativenatures.com,53
worksmartlivesmart.com,436
nyc.cce.cornell.edu,86
ralphsway.com,3419
lefurniturerepair.com,60
holistic-momma.com,272
wickerwoman.com,650
physiomantra.co,654
diy.repairclinic.com,432
resolve.org,147
gosunbolt.com,47
duro-last.com,0
homefreshideas.com,179
craftingpulse.com,70
homescentify.com,155
mechtrician.com,133
acemannjr.com,612
petsmopolitan.com,53
familyplanting.com,167
facs.com,146
robeks.com,0
thesurvivalsummit.com,51
teamjp.net,2
juicernet.com,-1
femniqe.com,364
acookscompanion.com,134
cretelligent.com,106
nestofposies-blog.com,1537
crawlspacemakeover.com,118
businessguru.co,519
happyorganizedlife.com,521
ocregister.com,945240
drinkstack.com,868
turnerandschoel.com,0
coverlettersandresume.com,10965
healthinsightglobal.com,145
getfogmachine.com,339
mindfulzen.co,336
dogtime.com,8612
dannysdelight.com,0
homecleaningforyou.com,273
asthma.net,-1
foodieandwine.com,533
diabetesknow.com,670
campersmarts.com,521
thismakesthat.com,879
crossroadshealth.org,114
safeandsanitaryhomes.org,2501
fs-pcba.com,282
ironandgrit.com,322
burgoscleaning.com,503
petsweekly.com,1265
tervene.com,71
doobert.com,-1
spoonnspice.com,635
fabspin.com,51
blog.acma-association.com,1918
neurospicynonsense.com,64
journalofcognitivepsychology.com,2102
gardenerguidance.com,-1
neworigins.org,51
homeairauthority.com,64
verybigbrain.com,2287
dancingthroughtherain.com,523
onehourairftworth.com,2099
allrecipesecret.com,842
theceliacdiva.com,63
americandairy.com,444
kitchensubstitute.com,954
thebridalbox.com,16805
techreviewly.com,188
biosolutionstn.com,4
purpleimp.com,27
pureoneservices.com,96
iheartcats.com,2097
everfumed.com,409
tomrostron.com,-1
thekitchenknacks.com,0
fortworthhomerepair.com,8
startmotionmedia.com,6088
purepoollife.com,241
springtomorrow.com,2119
rvownerhq.com,308
pureairsupply.com,34
recreatedhomes.com,8
browndlp.org,281
orchidsandsweettea.com,1270
txm.com,419
gbpsr.org,133
squeakycleaning.com,110
viterecipe.com,262
ecofriendlyhomehub.com,320
homesteadingalliance.com,218
esfi.org,540
thenetworkinstallers.com,230
ecoheven.com,414
thevanabondtales.com,279
bootsandhooveshomestead.com,374
cozybedquarters.com,722
accuratetechservices.com,36
goteaworld.com,299
sagesure.com,0
inspiredplum.com,70
cheatsheetlife.com,118
victra.com,0
teainabstraction.com,143
altituderecovery.com,269
airpurey.com,2017
meredithallard.com,208
executive-clean.com,145
homeqly.com,610
sebiguide.com,0
foodbankrockies.org,0
drecampbell.com,326
sinfullyspicy.com,421
txhomesrealty.com,326
dadfixeseverything.com,277
goldenplains.extension.colostate.edu,1
kids.earth.org,168
tjhandymanservicesllc.com,96
myexceltemplates.com,1974
oralhealthgroup.com,5553
pocketchangegourmet.com,1177
afrogistmedia.com,1245
rgv-directcare.com,137
craftsonfire.com,878
yourfishguide.com,573
therenaissanceshop.com,4
furniturecareoftexas.com,0
mymerrymessylife.com,696
easypeasyandfun.com,1752
abeautyedit.com,302
wiseguysbarbers.com,82
healthycheaprecipes.com,17
queenanneupholstery.com,74
fivesenses.com,26
adoncps.com,98
restorationstationok.com,1
furnituretouchupseattle.com,10
frugalfamilytimes.com,486
makeitgrateful.com,1684
strugglingwithaddiction.com,177
oxifresh.com,0
protoolreviews.com,6912
mygardenlife.com,661
bensonhenryinstitute.org,91
iheartdogs.com,36903
centralhealthclinic.com.au,77
thegeriatricdietitian.com,0
makebeautifulcards.com,55
bamboodu.com,1068
optionsmedicalweightloss.com,308
cft.edu.au,378
goodinthesimple.com,200
goldenglutenfree.com,246
wellfoodrecipes.com,7730
hapadltd.com,4050
thelifesciencesmagazine.com,2666
greentechnologyinfo.com,140
thefrisky.com,23917
mouseearmemories.com,555
gardenandcrafty.com,1917
daxinglassbottles.com,72
smoothiediet.com,54
nelda.org.in,107
bakerita.com,921
greenenergyhub.com,164
lifenreflection.com,432
digitalgyd.com,142
well-polished.com,49
girlandhappy.com,1487
homeplainandsimple.com,91
sobha.com,0
blog.txfb-ins.com,2076
learningtobesustainable.com,80
fleurishcollective.com,211
amothersrandomthoughts.com,842
marcumsnursery.com,13
thehappiestblogonearth.com,267
serveitupsafe.com,31
ilovebicycling.com,1136
commongroundinternational.com,0
summitbrands.com,95
storylinebooks.com,5
seafoodhealthfacts.org,6
livingwellmom.com,723
theupcycledfamily.com,263
hauteandhealthyliving.com,632
castironrecipes.com,104
golfinsideruk.com,345
document360.com,819
efficiencypr.com,0
coolmisthumidifier.org,93
lakesidemilam.com,259
momsprintables.com,79
thrivingwonders.com,102
blog.yemparts.com,125
tinytreedecor.com,166
homeairadvisor.com,196
b02.417.myftpupload.com,1127
adultingonthespectrum.com,77
rebath.com,-1
energydrinkhub.com,0
homesforheroes.com,39
authoritycamper.com,181
nushoeinspectandcorrect.com,290
cullyskitchen.com,5050
jasauerco.com,6
ehomeremedies.com,211
borderparkkitchen.com.au,-1
needitation.com,14
1stchoiceplumbingsd.com,801
allnaturalideas.com,473
confessionsofanover-workedmom.com,1990
certifiedrestorationinc.com,93
arishtam.com,250
moldfight.com,26
bornsuperhuman.com,22
circaairfryer.com,650
adepco.com.sg,34
grainstorehouse.com,662
lessinvest.com,148
purelivingforlife.com,116
rikeneville.com,137
glutenfreedairyfreereviews.com,600
findingjoyinyourhome.com,1170
nextlevelchess.com,204
sobrietycentersofnh.com,272
personalfinanceopinions.com,1071
cleanertoday.com,0
ninjamachinerecipes.com,1059
onecartao.com,763
cvformat.io,4238
diaryofmyspirit.com,67
greenorchardgroup.com,71
citychicliving.com,1268
getassist.com,240
easyinstantrecipes.com,416
stomatologist.org,3215
thequeenzone.com,1552
urc-chs.com,150
bidhya.com,-1
right-impact.com,21
thefoodtrust.org,35
allthehealthythings.com,813
beinganadultishard.com,93
southsideweekly.com,3896
destinationdeluxe.com,-1
aziza.com.ng,909
nationalwellnessgroup.com,51
doctorfehmida.com,60
outdoordoer.com,985
littlecreekrecovery.org,686
cherishedagency.com,219
cookplates.com,118
skillmastertc.com,30
pocketdentistry.com,21206
pastrychefonline.com,656
thebuzzedartist.com,141
designworklife.com,5665
thekliners.kitchen,4
hardworkingmom.com,464
hvacseer.com,2332
stampwithtami.com,5138
howcanthis.com,225109
whiskeyandwhit.com,289
kclonline.com,165
craftgalleryusa.com,205
definecivil.com,618
greentricks.me,15804
theecoedit.co,148
getleanertoday.com,77
apexcleanair.com,0
angelwoodrefinishing.com,4
dailymoss.com,947
lamclinic.com,2342
sekamoving.com,331
thegardenersworld.com,102
lifeonsummerhill.com,615
vitadigest.com,22
cleanairgardening.com,107
growing-minds.org,251
ohhowcivilized.com,477
resinobsession.com,342
thepaleodiet.com,533
onefrugalgirl.com,1691
wholesomepatisserie.com,572
fressclean.com,91
mommysavers.com,-1
rootswingsandwellness.com,52
healthfulpursuit.com,1301
moodymixologist.com,295
healingjourneyessentials.com,67
due.com,7372
enviro-master.com,405
ifocushealth.com,52
moneymisfit.com,65
marijuanadoctors.com,1136
earthday.org,1898
howewelive.com,337
onecapitalsolutions.com,60
madeintheusamatters.com,284
clevermamalifehacks.com,88
usfoodsearch.com,8907
campuspress.yale.edu,15
cvdesigner.ai,-1
becomeselfsufficient.com,-1
theivykitchen.com,208
esoftskills.com,5603
crabbyhousewife.com,535
happypinaymommy.com,1142
biocylab.blog,218
medicareadvocacy.org,0
babame.com,622
econewera.com,-1
thefoodsafetydad.com,317
wolfhomeproducts.com,115
eatwheat.org,0
thetriviaquizsite.com,196
littlesproutslearning.co,1136
rixincosmetics.com,154
scottish-recipes.com,25
gentechscientific.com,291
bysophialee.com,954
medikeeper.com,332
chaircare.com,13
rutherford.tennessee.edu,-1
ecoglowcleaning.com,43
concretechiropractor.com,130
cornerstonehomes.com,55
yabbawoodworking.com,0
winchestergardens.com,165
craftydaily.com,358
mindbodycomplete.com,289
alenusa.com,4
scolary.blog,15702
carolinamontoni.com,1506
sundayrainday.com,-1
gacservices.com,100
rcabc.org,82
haysfoodbank.org,9
grovecityheatingandcooling.com,0
idealhome.com.pk,0
self-build.co.uk,1611
therandomvibez.com,2960
juicer360.com,82
coolastro.com,-1
thesmoothieguy.com,23
diyhvac.org,16
indoorbreathing.com,403
juicestoplincoln.com,1
appliancemastery.com,12781
nicolaslawn.com,485
korrashay.com,864
coffeeparadiso.com,0
cobbcountycourier.com,15083
cathydiep.com,195
celiacmama.com,193
goodbeginnings.net.au,260
birchtreeorganizing.ca,108
lifesahmazing.com,50
discoverhappyhabits.com,31
safehome.org,0
foodmasta.com,4
howtobbqright.com,0
livinginatiny.com,517
listinspired.com,503
zagline.com,663
strengthandsunshine.com,1379
thehomeintent.com,160
tinyeco.com,287
masteryourmoneyplan.com,223
thehappybodyproject.com,1884
momhacks101.com,121
recipe52.com,279
drmikekuna.com,466
yellowchilis.com,0
ohsofoodie.com,588
recipessmile.com,4398
inlovewithtea.com,31
jaroflemons.com,929
savoringtoday.com,349
growingagreenerworld.com,777
mybrotherskeepers.org,2
phinational.org,0
thenutritioninsider.com,0
flavor365.com,2921117
healthynewage.com,2907
akmishra.co,5
lemonandlively.com,845
weekendeater.com,9
nomadette.com,520
grillsmokelove.com,176
cencalhealth.org,234
leadingage.org,0
cooksinfo.com,688
lindaledentists.com,136
allfoodpreparation.com,41
forbes-partners.com,161
bossbabechroniclesblog.com,554
ryanandalex.com,180
theleangreenbean.com,1280
weloveupholstery.com,31
thenewsgod.com,27453
northernyum.com,198
yiluo-tech.com,122
banglacraft.org,26
cleanzen.com,200
theonlinegrill.com,656
carxplorer.com,1302
soberlifesd.com,194
vivaglammagazine.com,-1
orchardcottagedental.co.uk,-1
novaortho.com,133
therecipewell.com,141
personalcarecouncil.org,348
drink-milk.com,244
functionalmedicinelosangeles.com,930
scientificmirror.com,35
foodready.ai,203
newyorkstyleguide.com,0
adextesting.org,12
kristineskitchenblog.com,919
thegoodheartedwoman.com,439
kathleenwonders.com,74
spoiledhounds.com,587
nourishedbycaroline.ca,482
barbecuenews.com,0
blog.workplacepro.com,220
williamsfoods.com,78
life-skills.middletownautism.com,-1
foodsforbetterhealth.com,-1
naturallivingfamily.com,563
cfallspainting.com,137
the-ava.com,144
kimschob.com,822
tentcampinglife.com,125
todaysparent.com,0
scottjeffrey.com,108
thestonesoup.com,1523
voyageurtripper.com,222
whatcomabc.org,7
damndelicious.net,0
hiphipgourmet.com,640
bunkerhilldentistry.com,102
blog.homelessinfo.org,300
taketwotapas.com,666
hwcmagazine.com,553
theglowupqueen.com,79
easyyum.familyfreshrecipes.com,1165
leveluprecipes.com,146
beingecomomical.com,412
safehandshealthcare.co.uk,44
thenewknew.com,382
blossom-counseling.net,485
betterautodetailing.com,35
danthelabsafetyman.com,131
thirdclover.com,3013
limitsofstrategy.com,7460
dinnerplanner.com,472
mangiene.com,17
booboone.com,7300
bulletproof.com,1048
ultimatesmiledesign.net,65
pitmastercentral.com,0
thismessisours.com,1086
smtp05.wyzant.com,24267
scarlatifamilykitchen.com,260
insureous.com,143
atpeacehealth.com,0
projectbeautyshare.org,14
charliefoundation.org,119
101cookingfortwo.com,369
blog.myclean.com,80
kitchenseer.com,2348
staydrygogreen.com,6
lumiair.com.sg,44
livinglotustherapy.com,38
thebarbecuelab.com,178
academybodhivriksha.com,33
thenovicechefblog.com,1127
recipeteacher.com,378
diversified-foods.com,0
savoringthegood.com,545
theliveincarecompany.co.uk,41
i-love-cavaliers.com,387
lifewithbrandi.com,35
mcg.com,37
outfiten.com,709
rethinktrends.com,156
nccdp.org,276
geekinsider.com,7984
apic.org,29
retailfoodsafetycollaborative.org,103
theglutenfreementor.com,0
edumed.org,169
odorsweep.com,21
pestkill.org,164
souleskitchen.com,36
biologydiscussion.com,8800
lazymealprep.com,805
grilledcheesesocial.com,808
mckinneydentaltn.com,16
tableandspoon.com,17894
bostonherald.com,513602
haccp-portal.com,9
mycookingrecipes.com,676
lingokids.com,681
mexicanfoodjournal.com,211
thisbigadventure.com,152
lanascooking.com,803
yummy.ph,0
wandercooks.com,363
faucetfam.com,2307
itisakeeper.com,1639
triplecrowncorp.com,155
smilefortwayne.com,283
assaytech.com,57
slowaging.org,389
foodfornet.com,2578
sundayseatery.com,0
durkee.com,0
sleepadvisor.org,0
peta.org,0
tones.com,3
therealgutdoctor.com,341
choosecomforthome.com,0
organicabiotech.com,428
startus-insights.com,4360
2galshomesteading.com,35
foodfidelity.com,607
answersforeveryone.com,207
biolase.com,257
smartsavvyliving.com,443
maximosecrets.com,363
ncdsalliance.org,31
ami-ingredients.fr,55
cadencare.com,33
bbqreport.com,199
mycarolinadentist.com,270
dvd-forum.at,-1
ids-water.com,743775
elevationcannabis.co,59
tutorialkart.com,9
d365demystified.com,491
bunkerhilldentistry.com,102
blog.homelessinfo.org,300
taketwotapas.com,666
hwcmagazine.com,553
theglowupqueen.com,79
easyyum.familyfreshrecipes.com,1165
leveluprecipes.com,146
beingecomomical.com,412
safehandshealthcare.co.uk,44
thenewknew.com,382
blossom-counseling.net,485
betterautodetailing.com,35
danthelabsafetyman.com,131
thirdclover.com,3013
limitsofstrategy.com,7460
dinnerplanner.com,472
mangiene.com,17
booboone.com,7300
bulletproof.com,1048
ultimatesmiledesign.net,65
pitmastercentral.com,0
thismessisours.com,1086
smtp05.wyzant.com,24267
scarlatifamilykitchen.com,260
insureous.com,143
atpeacehealth.com,0
projectbeautyshare.org,14
charliefoundation.org,119
101cookingfortwo.com,369
blog.myclean.com,80
kitchenseer.com,2348
staydrygogreen.com,6
lumiair.com.sg,44
livinglotustherapy.com,38
thebarbecuelab.com,178
academybodhivriksha.com,33
thenovicechefblog.com,1127
recipeteacher.com,378
diversified-foods.com,0
savoringthegood.com,545
theliveincarecompany.co.uk,41
i-love-cavaliers.com,387
lifewithbrandi.com,35
mcg.com,37
outfiten.com,709
rethinktrends.com,156
nccdp.org,276
geekinsider.com,7984
apic.org,29
retailfoodsafetycollaborative.org,103
theglutenfreementor.com,0
edumed.org,169
odorsweep.com,21
pestkill.org,164
souleskitchen.com,36
biologydiscussion.com,8800
lazymealprep.com,805
grilledcheesesocial.com,808
mckinneydentaltn.com,16
tableandspoon.com,17894
bostonherald.com,513602
haccp-portal.com,9
mycookingrecipes.com,676
lingokids.com,681
mexicanfoodjournal.com,211
thisbigadventure.com,152
lanascooking.com,803
yummy.ph,0
wandercooks.com,363
faucetfam.com,2307
itisakeeper.com,1639
triplecrowncorp.com,155
smilefortwayne.com,283
assaytech.com,57
slowaging.org,389
foodfornet.com,2578
sundayseatery.com,0
durkee.com,0
sleepadvisor.org,0
peta.org,0
tones.com,3
therealgutdoctor.com,341
choosecomforthome.com,0
organicabiotech.com,428
startus-insights.com,4360
2galshomesteading.com,35
foodfidelity.com,607
answersforeveryone.com,207
biolase.com,257
smartsavvyliving.com,443
maximosecrets.com,363
ncdsalliance.org,31
ami-ingredients.fr,55
cadencare.com,33
bbqreport.com,199
mycarolinadentist.com,270
dvd-forum.at,-1
ids-water.com,743775
elevationcannabis.co,59
tutorialkart.com,9
d365demystified.com,491
studiobinder.com,2206
icyhealth.com,2639
yourprepperplan.com,20
sundryagro.com,26
theseniorlist.com,10
yorkvillecollege.com,-1
manueltgomes.com,518
elevatingkitchen.com,20408
hsewatch.com,898
concordialm.org,759
screenplayreaders.com,107
travelpander.com,59640
odorremoval.com,0
stavroshalvatzis.com,416
matthewdevaney.com,285
mrmrsenglish.com,669
englishilm.com,522
anthonyawaken.com,212
sharepains.com,1060
spiceography.com,1638
vocabineer.com,936
myforkinglife.com,698
everydaycarry.com,2747
thepackablelife.com,97
moviemaker.com,13008
whatmomslove.com,214
iowahomecare.com,0
luxwisp.com,40209
abbeycleaning.com,122
pthomecare.com,4
edukania.com,180
fwdfuel.com,187
comfykitchen.com,101
opsive.com,325
healthyalternativemarkets.com,83
jillcarnahan.com,896
studiousguy.com,951
support.bluebeam.com,0
ahealthyalternative.org,19
travelonthefly.com,-1
vegoutmag.com,2
steri-clean.com,15
easyfoodhandlers.com,37
patriothomecare.org,32
just4recipes.com,23
askpython.com,2050
arcadian.tv,214
neilchasefilm.com,312
theautismhelper.com,2631
naturalheartdoctor.com,764
familychoicehealthcare.com,26
jenkinsenvironmentalservices.com,37
billyparisi.com,910
enodeas.com,74
ecosensecompany.com,0
personalcaresc.com,0
assess.com,163
tutorial.eyehunts.com,3115
friendsfamilyhomecare.com,164
besthomecarenj.com,0
excelbaby.com,0
personalcarellc.com,291
inhomecare.com,291
oracleerpappsguide.com,774
dianabotsford.com,154
thespreadsheetguru.com,373
europeanstudios.com,0
activehhh.com,84
drkentwoo.com,169
1800homecare.com,250
gentlenursery.com,369
bluesbestlife.com,2506
allergy-details.com,729
investohealth.com,319
alwayshomecare.org,4
pythonguides.com,1767
quebit.com,144
schoolworkhelper.net,4021
personalcare.net,0
kennedycare.com,131
hopeinhomecare.org,12
goupskillme.com,14
assistinghands.com,236
myselfcare.org,-1
weberseasonings.com,10
vuniversity.in,2002
behavioranalystresourcecenter.com,8
cleverjourney.com,480
bloopanimation.com,230
homeodorremoval.com,0
generatorist.com,89
corsocare.com,96
allergypreventions.com,112
opentextbc.ca,0
ozonatedcleaning.com,68
intolerancelab.co.uk,134
rasch.org,1
carepointpa.com,0
mashomecare.com,175
wilsoncare.com,29
udservices.org,77
cedclinic.com,331
comforcare.com,285
ultimatefoodpreservation.com,271
ccssmathanswers.com,7613
singleingredientgroceries.com,54
imaginetravelco.com,81
allmods.net,33734
drhoffman.com,239
crosswordgenius.com,0
rockawayhc.com,210
personalprimarycare.com,0
simplestic.com,410
writesofluid.com,-1
airpurelife.com,474
cookswithsoul.com,200
wellnessbeam.org,683
allwayscaring.com,19
verificationguide.com,0
daleletstravel.com,147
makeitspecialgift.com,2116
theresasreviews.com,1064
therealgarykhan.com,23
blog.ultimatedog.com,102
carebuildersathome.com,25
austinfilmfestival.com,1275
nurselinecs.co.uk,159
lovefrenchfood.com,290
blog.mybalancemeals.com,549
homechoicehomecare.com,547
familyresourcehomecare.com,788
global-sharepoint.com,457
masterodorremoval.com,82
projectplaytherapy.com,-1
sheetgo.com,491
exceladept.com,2265
xpressmovers.com,125
scientiaeducare.com,6365
everydayspeech.com,1123
etairoshealth.com,57
freedomcare.com,516
elara.com,183
truecareny.com,177
cpdonline.co.uk,0
latex-tutorial.com,58
menchyrestoration.com,27
frontieraba.com,12
dailycaring.com,750
crateandpack.com,85
bestcaremn.com,459
crownpersonalcare.org,231
pur360solutions.com,160
thehousewire.com,41
atyoursidehomecare.com,188
urbansplatter.com,42700
familytravelmagazine.com,531
singlegrain.com,2478
lacrosseallergy.com,19
environmentgo.com,999
healthhype.com,3099
word.studio,65
biohelplearning.com,-1
well.org,663
thedingking.com,43
marchukan.com,79
upweegrow.com,648
inlibro.com,42
afresherhome.com,138
sharonledwards.com,353
australiaunwrapped.com,22313
sailsinc.org,7
lifecarepersonalcare.com,8
smartfoodsafe.com,0
hyperhidrosiscumc.com,40
slimmingviolet.com,1289
personalcareseniorliving.com,0
capitalhomecare.com,11
biologynotesonline.com,2444
myflyingleap.com,343
1800waterdamage.com,131
caloriesecrets.net,989
oracleappsdna.com,237
rpgbot.net,748
blog.ongig.com,-1
blog.thedolcediet.com,1133
glossary.guide,1840
pork.org,0
atticrewwa.com,57
anchored4life.com,16
medicaidplanningassistance.org,0
immunolabs.com,144
adapthealth.com,321
savorythoughts.com,457
a2zozone.com,36
chsbuffalo.org,833
gameslearningsociety.org,2669
rwelephant.com,174
steamah.com,9317
addictioncenter.com,348
hallmarkhomecare.com,133
anvl.com,229
personaltouchcdpap.com,1
menus4you.com,365
learndrive.org,95
careathome.us,9
tierrestoration.com,124
trueprepper.com,325
livinglifeandlearning.com,2627
microbenotes.com,1669
valentincastravet.com,31
safrax.com,16
puredry.com,58
everydayimcarrying.com,167
odorkillerpro.com,1
biosweepsuncoast.com,5
americanpackout.com,11
discoverchinaguide.com,6057
discourses.org,1
eazystock.com,750
hmhub.in,0
whollytasteful.com,237
wescreenplay.com,609
premierhcinc.com,27
runningmagazine.ca,0
excelinsider.com,968
honehealth.com,746
woocommerce.com,1251
yanfly.moe,-1
health.fmolhs.org,987
canfoodgobad.com,754
lifeline.com,0
tomriha.com,395
teenhealth.org.uk,0
icc.pressbooks.pub,0
conciergehomecare.com,19
regencyhhc.com,10
govology.com,39
davidwolfe.com,3443
proofed.com,1229
swtorstrategies.com,11900
datascienceparichay.com,815
baronspices.com,0
eldercarealliance.org,545
biosweeporegon.com,0
carepartners.us,68
escapistmagazine.com,0
itemlevel.net,18336
thebrandedbucks.com,453
compassus.com,112
hr.ucf.edu,0
homewellcares.com,0
fruvesuperjuice.com,9
completehomecarepa.com,53
shynedetailing.com,27
easygfrecipes.com,76691
erpschools.com,3
montessori-portal.com,171
thegoodcaregroup.com,645
alternativetomeds.com,610
asherfergusson.com,0
incarehhc.com,19
communitycarehhs.com,181
thelinuxcode.com,30760
qbcore.io,181
thekitchengirl.com,307
traditionalhomehealthcare.com,0
sandiego-autodetail.com,7
careacademy.com,205
shipscience.com,20146
7esl.com,3956
carrington.edu,-1
photoshopbuzz.com,517
btechgeeks.com,0
nriguides.com,38
angliancare.com,396
hhuny.org,0
seniorhousingnet.com,-1
effectiveinventory.com,256
blogs.cornell.edu,0
chaosandwine.com,260
sustainlife.org,58
kidsgardening.org,0
recipestheir.com,883
biosweepal.com,36
primecarehomecare.com,3
clearcogs.com,126
restaurantsnapshot.com,0
conanexiles.com,1837
lantanarecovery.com,0
opuscollegeprep.com,76
travelclosely.com,791
araqev.com,4844
valuecareathome.com,0
spiceislands.com,44
foodboxhq.com,278
englishgrammarnotes.com,1112
knbbs.com,325534
peoplecare.com,3
petodorremovalservice.com,3
foodrenegade.com,1176
honestfoodtalks.com,353
numberdyslexia.com,1773
islam.org.uk,1
apps2fusion.com,231
travelccessories.com,169
gogreenrestoration.com,42
jinfiniti.com,236
codedragontech.com,0
trialandeater.com,363
danosseasoning.com,3
businessbloomer.com,1183
explaintoakid.com,220
surffares.com,73
techwriteredc.com,407
sharepointdiary.com,0
speechtherapyideas.com,1206
sharethepasta.org,730
completehhc.com,0
escoffieronline.com,2459
cris.msu.edu,248
grammarcove.com,875
mamalovestocook.com,238
rejoicenutritionwellness.com,349
saudereggs.com,86
pgpf.org,0
keepingdog.com,6770
bsaci.org,180
pinoy-cooking.com,175
vaporcleanse.ca,0
prepholdcook.com,57
rakhesh.com,0
excelx.com,126
atlasofscience.org,4273
healmedelicious.com,0
move.org,493
publichealth.com.ng,3263
naturalenglishcentral.com,784
datanumen.com,129
purposecare.com,63
descriptivewords.org,77
hopehhc.com,0
nofima.com,343
herpackinglist.com,752
latinamommeals.com,147
embitel.com,957
runninginaskirt.com,1987
learnbyexample.org,254
speechymusings.com,324
cacfp.org,1949
primaryhomecare.com,10
theoregondietitian.com,266
pynative.com,0
idcc.org,3
wearewater.org,0
biosocal.com,143
developer.wordpress.org,-1
mssqltips.com,7426
pressbooks-dev.oer.hawaii.edu,0
odornashville.com,1
rouxbe.com,91
accuratehomecare.com,120
preschoolmom.com,0
kidstut.com,285
whatwelove2do.com,243
jubilance.com,784
fedeltahomecare.com,222
citizendevelopmentacademy.com,37
besthealthmag.ca,0
mastergermandodorremoval.com,12
snf.com,0
a-z-animals.com,25762
access.nyc.gov,0
cooperativehomecare.com,340
welovecatsandkittens.com,3908
domidocs.com,0
movnat.com,316
go4travelblog.com,282
6666flavors.com,0
blog.zabbix.com,827
theglobalmontessorinetwork.org,17
teksoftventures.com,6
auri.org,0
stinkstomperssandiego.com,1
detoxandprosper.com,95
k9ofmine.com,1539
trueoutreachinc.org,7
pdcwellness.com,1
goship.com,-1
a-1certifiedenvironmentalservices.com,159
eslbuzz.com,1869
baeldung.com,0
babyfoode.com,835
marketing91.com,4524
restoredair.com,10
ender-chest.com,49
thaionnet.com,87
saintsimeons.org,49
tastythais.com,84
whatihavelearnedteaching.com,627
eqprogression.com,0
yummyyum.net,1558
honestfoodtalks.com,353
numberdyslexia.com,1773
islam.org.uk,1
apps2fusion.com,231
travelccessories.com,169
gogreenrestoration.com,42
jinfiniti.com,236
codedragontech.com,0
trialandeater.com,363
danosseasoning.com,3
businessbloomer.com,1183
explaintoakid.com,220
surffares.com,73
techwriteredc.com,407
sharepointdiary.com,0
speechtherapyideas.com,1206
sharethepasta.org,730
completehhc.com,0
escoffieronline.com,2459
cris.msu.edu,248
grammarcove.com,875
mamalovestocook.com,238
rejoicenutritionwellness.com,349
saudereggs.com,86
pgpf.org,0
keepingdog.com,6770
bsaci.org,180
pinoy-cooking.com,175
vaporcleanse.ca,0
prepholdcook.com,57
rakhesh.com,0
excelx.com,126
therapyinsights.com,11
goodeatsandepis.com,24
ibenic.com,184
dominicancooking.com,458
wellnesspetfood.com,0
betterhomecare.com,11
neighborlyhomecare.com,166
blog.pureindianfoods.com,378
greytrix.com,1
eatliveescape.com,2985
logosbynick.com,512
blog.uvahealth.com,0
cookiesbbq.com,73
accucarehomenursing.com,2
healthyliferecovery.com,262
mahatmarice.com,200
k9.rocks,288
kdnuggets.com,6929
myfoodstory.com,826
levels.com,667
advance-psychology.com,46
manoshomecare.com,2
teamgreenclean.com,118
carefinders.org,0
healthista.com,4395
residentialhealthcaregroup.com,53
chilipeppermadness.com,1367
consortium.lib.de.us,54
germx.com,39
snacksafely.com,2606
waterfrontseafoodmarket.com,0
personalizedcareforall.com,2
industrytoday.com,14866
hidaya.org,0
thatgirlcookshealthy.com,587
healthyeater.com,102
fromachefskitchen.com,595
justwhatweeat.com,236
foodmeetsscience.com,-1
blog.cib.education,82
executiveflyers.com,651
elderaffairs.org,11
wellcarehealth.com,6
bhookhahaathi.com,55
blog.biotrust.com,1787
medicareinteractive.org,1
retroresolve.com,483
screenwritersdaily.com,50
johnaugust.com,3614
seafoodnutrition.org,312
amadaseniorcare.com,267
spreadsheeto.com,516
amindfullmom.com,894
data.unicef.org,0
charlestonallergy.com,163
gosunoob.com,21621
hygienebook.com,38
simplyhca.com,1
simplyfresher.com,1
mumbaiairport.in,35
georgetownhomecare.com,87
travelwanderlust.co,580
codtronic.com,22
utphysicians.com,468
theanthonykitchen.com,933
jennifercooks.com,-1
nguyenstarch.com,-1
thenaetclinic.com,27
ihcscorp.com,32
fermentations.co.uk,211
magazines.uthscsa.edu,0
industrialscripts.com,732
chefibpa.com,116
susandennard.com,580
rankedboost.com,1
griswoldcare.com,0
theculinarycook.com,72
pureairfiltration.com,55
livekindly.com,0
tallypress.com,3589
digitalgpoint.com,2260
acaai.org,1
mayshomecare.com,13
formpak-software.com,3
help.caterease.com,0
sassycooking.com,222
loganconsulting.com,2804
comforthome-healthcare.com,10
gsaschedule.com,1
familycarevn.com,0
diningmaui.com,76
statcarewalkin.com,149
thekitchenknowhow.com,15292
midstatefirearms.com,37
autismclassroomresources.com,584
ahcnys.com,0
personallawncare.com,67
firestonerestoration.ca,51
blogs.bcm.edu,4159
26organic.com,44
deltaadsorbents.com,55
commhealthcare.com,0
carnivorestyle.com,832
premiofoods.com,313
badiaspices.com,0
pureline.com,550
alabamabioclean.com,56
hexafood.com,257
jugosnaturales.net,691
thebestmods.com,483
homage.com.my,226
hygieneexpert.co.uk,1
physicsread.com,224
communitycaretoolkit.com,312
madgetech.com,0
cathe.com,7067
truthhealthacademy.com,128
fems-microbiology.org,830
unclewileys.com,31
thehealthyhub.org,0
culinarylabschool.com,32
crawford.extension.wisc.edu,44
notintheguidebooks.com,228
nikke.gg,638
travel-easier.com,266
homechoices.org,51
cranehomecare.com,99
mastersinhomecare.com,268
magicseasoningblends.com,27
arosacare.com,154
myfearlessfoodie.com,77
advertisingnews.com,14538
thebalancework.com,469
adespresso.com,602
thesmarthappyproject.com,81
spicetosauce.com,574
brooklynabortionclinic.nyc,80
controleng.com,35003
meredithplays.com,3111
homesteadhc.com,48
foodinstitute.com,4787
zeldauniverse.net,10309
ayrking.com,14
en.esportsku.com,10152
bostonfunctionalnutrition.com,69
familytieshomecare.com,38
subscriboxer.com,362
verbit.ai,-1
frugalfamilyhome.com,0
healthworkscollective.com,13667
iff.com,0
2ndfamily.com,43
cosmopolitan.com.au,0
mcpe-planet.com,2695
agirlworthsaving.net,1946
flyertalk.com,12583
tripbeam.com,346
mirchitales.com,196
ltbbodawa-nsn.gov,406
grillcuisines.com,535
apttraveler.com,161
whatsfordinner.com,0
en.certificationanswers.com,16419
opentextbooks.library.arizona.edu,0
wekivaculinary.org,218
advancedliving.com,1499
ascot-meats.com,-1
odorremoval.us,1
kapnosdc.com,816
heimduo.org,991001
cookingformysoul.com,402
avocadu.com,3302
yurielkaim.com,609
foodrecipestoday.com,527
culligan.com,394
healthyseasonalrecipes.com,859
biooneinc.com,199
healthwholeness.com,511
deliciousmeetshealthy.com,495
womenshealth.com.au,11561
foodallergycanada.ca,0
flavorfuldrinks.com,338
theskincareculture.com,-1
ifoodreal.com,1083
detailorientedtraveler.com,297
mionasbeauty.com,29
thebrainandthebrawn.com,296
zoetasty.com,158
sjsiedenburg.com,158
adamkempfitness.com,767
carelearning.org.uk,0
epicnaturalhealth.com,424
pythonhelper.com,-1
oliviawyles.com,229
becausemomsays.com,1879
learn.eartheasy.com,0
cypressdermatology.com,26
cellhealthnews.com,952
biosweep.com,-1
kitchentiptricks.com,2463
blimburnseeds.com,2822
deltaadsorbents.com,55
commhealthcare.com,0
carnivorestyle.com,832
premiofoods.com,313
badiaspices.com,0
pureline.com,550
alabamabioclean.com,56
hexafood.com,257
jugosnaturales.net,691
thebestmods.com,483
homage.com.my,226
hygieneexpert.co.uk,1
physicsread.com,224
communitycaretoolkit.com,312
madgetech.com,0
cathe.com,7067
truthhealthacademy.com,128
fems-microbiology.org,830
unclewileys.com,31
thehealthyhub.org,0
culinarylabschool.com,32
crawford.extension.wisc.edu,44
notintheguidebooks.com,228
nikke.gg,638
travel-easier.com,266
homechoices.org,51
cranehomecare.com,99
mastersinhomecare.com,268
thecuriousfrugal.com,373
synergyhomecare.com,940
urinedrugtesthq.com,89
healthsconscious.com,297
oraclebytes.com,103
puroclean.com,0
nancyshomecare.com,14
thehomecookbible.com,289
thechicquota.com,172
nyhc.com,40
storyinliteraryfiction.com,-1
thenakedpeach.com,44
beverlyhillsmd.com,0
zestfulkitchen.com,858
thistinybluehouse.com,819
lpskin.com,36
thesimplehomeplace.com,242
bettercleans.com,73
oliviaadriance.com,315
helmetslab.com,15464
vehicleodorremoval.com,0
addictionresource.com,18
kitchentalkies.com,400
srmglobalhospitals.com,125
aplaceathome.com,221
methadone.org,500
garmanscleaning.com,9
healingfamilyfunctionalmedicine.com,31
thefoodnom.com,115
ameribesthomecare.com,0
helpwithdiy.com,903
katheats.com,8072
allforturntables.com,40473
thesavvyspoon.com,400
oilswelove.com,1967
womensconcepts.com,521
delightfulmomfood.com,666
healthystepsnutrition.com,268
food-prep.com,48
ideashealthy.com,155
puredtx.com,114
grammyrecipes.com,504
helpshoe.com,326
leanlivingnow.com,667
wellsquad.com,902
myspicer.com,202
sharpaspirant.com,378
homeairsupply.com,134
fengshuitricks.com,411
wellnesswatercompany.com,93
heartysol.net,-1
caringfamilyhealth.com,45
vehq.com,4477
skinbravo.com,221
hhcare.net,13
bobbybrownfoods.com,7
personalcarefoundation.org,0
grapesandsplendor.com,304
personalabs.com,368
clearherbals.com,-1
housecallshc.org,104
intoxicatedonlife.com,983
healthendure.com,72
prettysimplemom.com,0
inmyownkitchen.com,75
generalpractice.com.pk,24
myconsciouseating.com,1913
leapwithgrace.com,286
simplholistic.org,-1
eastewart.com,374
kitchen-genius.info,259
pacificspice.com,131
projectmealplan.com,420
marmurmedical.com,78
holistichealthpathways.com,3093
decorhomeideas.com,0
littlehouselovelyhome.com,235
melissamitri.com,138
roofscour.com,62
plankandpillow.com,546
theweedblog.com,13831
blogs.clemson.edu,0
nchealthyschools.org,-1
amysadlerdesigns.com,229
dishwithme.com,219
coffeevoila.com,455
chemistrycachet.com,1019
thishealthykitchen.com,467
businessupturn.com,154244
fitmencook.com,174
homekitchenmagazine.com,692
puffstats.com,161
chrissymarieblog.com,287
todaysmama.com,9525
palmbeachorganized.com,83
landofrost.com,237
amazingcare.com,8
hellskitchenrecipes.com,483
nutriinspector.com,0
smoothiesncookies.com,613
whenwomeninspire.com,4187
slc.gov,770
quietlyhouse.com,13
thechiclife.com,2664
sandandorsnow.com,933
mocktailaura.com,95
clean4real.com,22
drdavidsack.com,53
toxinrid.com,8
ljskitchens.com,129
kitchenxpart.com,71
supplements4fitness.com,1642
mommafitlyndsey.com,345
examplesweb.net,14740
fitibility.com,588
haleandbelle.com,725
limetalsystems.com,98
wirece.com,122
myketokitchen.com,661
villagecaregiving.com,8
patientfirst.com,144
fredericmagazine.com,0
dietitiansheenam.com,60
wfmh.org,962
helpful-kitchen-tips.com,470
thisfarmgirlcooks.com,0
raynewater.com,2145
essence.com,0
ilovecreamcheese.com,227
simplelifesaver.com,385
trucarehomecare.com,76
yourhealthybeginning.com,157
frugalminimalistkitchen.com,107
imbarex.com,-1
medsignals.com,-1
cleartest.com,-1
yourgirlknows.com,0
clarkscondensed.com,1492
bjultrasonic.com,1464
midtownnephrology.com,163
shavercheck.com,89
drdavinahseats.com,407
readersdigest.com.au,-1
michelegreenmd.com,214
homeinthefingerlakes.com,498
vinylitic.com,38
choicepointhealth.com,545
nutritionfact.in,7063
wowsoclean.com,452
fowlfamily.com,897
ignite-genomics.org,25
hchb.com,104
rescuemytimecleaningservice.com,199
fearlessfresh.com,500
whatisvinyl.com,-1
alluremedicalaesthetic.com,66
karviva.com,385
perfectketo.com,1312
zerowastekitchen.moveforhunger.org,54
ehsrestoration.com,41
dermoi.com,290
caringprofessionals.com,142
dilchad.com,31
jdpowerwashing.com,79
sweetmoneybee.com,265
notsealed.com,301
mwremediation.com,48
walderwellness.com,488
honeycolony.com,1730
almostpractical.com,446
basicswithbails.com,698
tastessence.com,1547
afewshortcuts.com,1424
kitchendev.com,294
cityskinclinic.com,387
masonfit.com,503
justcook.butcherbox.com,1250
aboutislam.net,22949
gratefulgrazer.com,173
omdetox.com,77
acrazyfamily.com,1103
articles.hepper.com,0
householdadvice.net,455
alliancehomecare.com,165
aeroscopic.com,0
transformation-center.org,45
aimeewaltonslp.com,19
blackdoctor.org,18260
thetrashcanturkey.com,2594
enableme.com,-1
thetortillachannel.com,914
wwd.com,0
whatmollymade.com,1056
learnalongwithme.com,395
aproductivehousehold.com,133
goodoldboat.com,1364
eggs.ca,2
checkappliance.co.uk,1978
carehop.ca,117
theflavorexperts.com,19381
arch2o.com,12202
alzheimerslab.com,671
runsociety.com,2997
baby2baby.org,1
meridianhomehealth.ca,1
letravelstyle.com,153
cushyspa.com,414
everythingabode.com,394
thirtysomethingsupermom.com,581
delightfulemade.com,584
trexprotect.com,66
beamrecipes.com,537
survivingthestores.com,277
tangolines.com,211
chefpassport.com,291
gfs.com,0
cookingdownhome.com,831
jaga-me.com,34
inventiva.co.in,40413
silenttest.com,62
floorcarekits.com,733
canadafoodequipment.com,35
pediatrichomeservice.com,0
efficient-life.com,50
docksidehhi.com,7
sunbirdseasonings.com,15
en.wadaef.net,37413
neutrinobursts.com,68
mortonsalt.com,1
designingyourperfecthouse.com,259
flavormosaic.com,984
rachelsrealfoodkitchen.com,29
appliancechat.com,995
elizabethetiquette.com,112
culinahealth.com,241
features.api.westelm.com,282
mycourses.co.za,3662
allshecooks.com,796
clockhardware.com,82
geekyposh.com,384
breakfastwithnick.com,1921
angsarap.net,3865
diywithmyguy.com,114
preparednessadvice.com,1046
littlehealthybites.com,167
gloriafood.com,487
advrider.com,9845
charlottehodgesmd.com,93
aicr.org,0
beautifullyalive.org,-1
elitepersonalcare.biz,1
blog.bizvibe.com,942
orgoallnatural.com,0
nhccare.com,111
carolineondesign.com,250
hpsny.org,1
anayokota.com,119
ennoblecare.com,30
celsius.com,0
foodsafetyhelpline.com,2180
edenseniorhc.com,208
pethubusa.com,450
airscent.com,98
veganfitguide.com,72
hadalakitchenequipment.com,82
vkool.com,4541
thefactfactor.com,1136
pm-co.ca,31
allegromarinade.com,79
harmonycares.com,22
tmsselfstorage.com,66
kitchenacorns.com,60
incredibleegg.org,0
familyfoodonthetable.com,1115
bestofmealprep.com,26
bonavita.ph,199
tomvad.com,120
compassionatecare.com,0
emojikitchen.cc,61
peaktoplate.com,207
alltimecare.com,0
reynoldsrestoration.com,171
vna.health,0
silkroadrecipes.com,528
independenceaustralia.com.au,443
newcleaningtips.com,-1
indian.community,2652
alwaysbestcare.com,516
thecompactkitchen.com,603
homage.sg,164
outsideresource.com,623
wecf.org,876
ozeducation.com.au,64
validworth.com,462
organizeyourstuffnow.com,1780
kitchenstewardship.com,0
ppai.org,0
mjhs.org,39
foodsalternative.com,519
kitchencookwarereviews.com,-1
healthcareinsider.com,390
arch2o.com,12202
alzheimerslab.com,671
runsociety.com,2997
baby2baby.org,1
meridianhomehealth.ca,1
letravelstyle.com,153
cushyspa.com,414
everythingabode.com,394
thirtysomethingsupermom.com,581
delightfulemade.com,584
trexprotect.com,66
beamrecipes.com,537
survivingthestores.com,277
tangolines.com,211
chefpassport.com,291
gfs.com,0
cookingdownhome.com,831
jaga-me.com,34
inventiva.co.in,40413
silenttest.com,62
floorcarekits.com,733
canadafoodequipment.com,35
pediatrichomeservice.com,0
efficient-life.com,50
docksidehhi.com,7
sunbirdseasonings.com,15
en.wadaef.net,37413
neutrinobursts.com,68
mortonsalt.com,1
designingyourperfecthouse.com,259
flavormosaic.com,984
rachelsrealfoodkitchen.com,29
appliancechat.com,995
elizabethetiquette.com,112
culinahealth.com,241
features.api.westelm.com,282
mycourses.co.za,3662
allshecooks.com,796
clockhardware.com,82
geekyposh.com,384
breakfastwithnick.com,1921
angsarap.net,3865
diywithmyguy.com,114
preparednessadvice.com,1046
littlehealthybites.com,167
gloriafood.com,487
advrider.com,9845
charlottehodgesmd.com,93
aicr.org,0
beautifullyalive.org,-1
elitepersonalcare.biz,1
blog.bizvibe.com,942
orgoallnatural.com,0
nhccare.com,111
carolineondesign.com,250
hpsny.org,1
anayokota.com,119
ennoblecare.com,30
celsius.com,0
foodsafetyhelpline.com,2180
edenseniorhc.com,208
pethubusa.com,450
airscent.com,98
veganfitguide.com,72
hadalakitchenequipment.com,82
vkool.com,4541
thefactfactor.com,1136
pm-co.ca,31
allegromarinade.com,79
harmonycares.com,22
tmsselfstorage.com,66
kitchenacorns.com,60
incredibleegg.org,0
familyfoodonthetable.com,1115
bestofmealprep.com,26
bonavita.ph,199
tomvad.com,120
compassionatecare.com,0
emojikitchen.cc,61
peaktoplate.com,207
alltimecare.com,0
reynoldsrestoration.com,171
vna.health,0
silkroadrecipes.com,528
independenceaustralia.com.au,443
newcleaningtips.com,-1
indian.community,2652
alwaysbestcare.com,516
thecompactkitchen.com,603
homage.sg,164
outsideresource.com,623
wecf.org,876
ozeducation.com.au,64
validworth.com,462
organizeyourstuffnow.com,1780
kitchenstewardship.com,0
ppai.org,0
mjhs.org,39
foodsalternative.com,519
kitchencookwarereviews.com,-1
healthcareinsider.com,390
vitalitymagazine.com,0
homenetwork.ca,449
hopehospice.com,64
riddlevillage.com,184
trueremedies.com,536
betterliveshealthyfuturesbw.nhs.uk,-1
avanticorporate.com,72
alternativesyouth.org,-1
maximhealthcare.com,167
caringinfo.org,18
touchtapplay.com,32238
lilynicholsrdn.com,277
diethood.com,2268
thewholepurpose.com,21
oodlelife.com,2342
vinegarandbakingsoda.com,15
amyshealthybaking.com,1545
takecareinternational.org,368
chefjacooks.com,576
cancercouncil.com.au,795
allathomehealth.com,3
idealhcs.com,33
schweigerderm.com,363
ecampusontario.pressbooks.pub,0
littlelovescare.com,96
itsavegworldafterall.com,799
bucketlisttummy.com,592
andreajeancleaning.com,150
keytomylime.com,559
theceomagazine.com,0
yumfryer.com,602
theprofarmer.com,149
angelscarehealth.com,1
dalesseasoning.com,3
happi.com,0
cravingsomethinghealthy.com,350
asavoryfeast.com,545
ethoscare.org,76
silveradostorage.com,66
adashoforganizing.com,178
ilslearningcorner.com,485
livingproofmag.com,717
airfryermom.com,2413
balancingbucks.com,70
homecare1solutions.com,0
cooksmarts.ca,1324
fantasticcleaners.com.au,0
ifh-homehygiene.org,0
qnet.net,841
bnbduck.com,51
cozy-vibes.com,45911
lucismorsels.com,665
odordude.com,28
massivebio.com,1700
freshfitnhealthy.com,693
ajetsetjournal.com,1608
dwardcooks.com,172
blackgirlsunscreen.com,68
caregivershhs.org,2
consumerdirectcare.com,9
thechictribe.com,67421
puresoulcare.co.uk,30
townehomecare.com,-1
palmettocleanfuels.org,-1
