site,count
flavor365.com,2921117
heimduo.org,991001
ocregister.com,945240
ids-water.com,743775
bostonherald.com,513602
knbbs.com,325534
howcanthis.com,225109
businessupturn.com,154244
thethaiger.com,99111
www2.fundsforngos.org,88422
easygfrecipes.com,76691
thechictribe.com,67421
decentfoot.com,60202
travelpander.com,59640
fishingandfish.com,49727
cozy-vibes.com,45911
urbansplatter.com,42700
allforturntables.com,40473
inventiva.co.in,40413
luxwisp.com,40209
en.wadaef.net,37413
iheartdogs.com,36903
controleng.com,35003
allmods.net,33734
touchtapplay.com,32238
a4fitness.com,31605
thelinuxcode.com,30760
meandjorge.com,28429
thenewsgod.com,27453
a-z-animals.com,25762
devx.com,25142
tagvault.org,24748
eatingchoice.com,24302
smtp05.wyzant.com,24267
unwomenmag.com,24137
brazetools.com,24049
thefrisky.com,23917
aboutislam.net,22949
nestingnicely.com,22587
australiaunwrapped.com,22313
blog.boon.so,22166
gosunoob.com,21621
pocketdentistry.com,21206
elevatingkitchen.com,20408
nurturinghomeaid.com,20381
shipscience.com,20146
theflavorexperts.com,19381
itemlevel.net,18336
mollyshomeguide.com,18324
blackdoctor.org,18260
tableandspoon.com,17894
thebridalbox.com,16805
en.certificationanswers.com,16419
greentricks.me,15804
housefixmaster.com,15728
scolary.blog,15702
helmetslab.com,15464
interviewprep.org,15458
thekitchenknowhow.com,15292
cobbcountycourier.com,15083
industrytoday.com,14866
examplesweb.net,14740
advertisingnews.com,14538
homebusinessmag.com,13918
theweedblog.com,13831
healthworkscollective.com,13667
moviemaker.com,13008
stylewhirl.com,12910
appliancemastery.com,12781
flyertalk.com,12583
arch2o.com,12202
swtorstrategies.com,11900
womenshealth.com.au,11561
healthy-juice.co,10999
coverlettersandresume.com,10965
plantgrowerworld.com,10769
droolrecipes.com,10664
zeldauniverse.net,10309
en.esportsku.com,10152
advrider.com,9845
microwaveinsider.com,9737
veggieknowledge.com,9689
homehealthcarenews.com,9617
todaysmama.com,9525
steamah.com,9317
usfoodsearch.com,8907
biologydiscussion.com,8800
gogi.in,8658
carpetreviewed.com,8646
dogtime.com,8612
affordablemealprep.com,8346
beagooddog.com,8123
katheats.com,8072
geekinsider.com,7984
myamericannurse.com,7884
wellfoodrecipes.com,7730
ccssmathanswers.com,7613
limitsofstrategy.com,7460
mssqltips.com,7426
due.com,7372
shelterness.com,7358
booboone.com,7300
thecottagemarket.com,7217
cathe.com,7067
nutritionfact.in,7063
climatecosmos.com,7022
kdnuggets.com,6929
protoolreviews.com,6912
keepingdog.com,6770
worthstart.com,6627
gourmettraveller.com.au,6578
scientiaeducare.com,6365
startmotionmedia.com,6088
discoverchinaguide.com,6057
dayjob.com,5763
designworklife.com,5665
esoftskills.com,5603
oralhealthgroup.com,5553
foodtank.com,5331
knowyourbest.com,5324
stampwithtami.com,5138
kitchenra.com,5112
modernparenting-onemega.com,5111
cullyskitchen.com,5050
tap.health,4975
dogproductpicker.com,4896
araqev.com,4844
foodinstitute.com,4787
thirstytales.com,4697
vkool.com,4541
marketing91.com,4524
vehq.com,4477
recipessmile.com,4398
healthista.com,4395
lightandlayer.com,4368
startus-insights.com,4360
atlasofscience.org,4273
cvformat.io,4238
whenwomeninspire.com,4187
notsalmon.com,4169
blogs.bcm.edu,4159
juiceradvices.com,4157
southernxreptiles.com,4111
hapadltd.com,4050
schoolworkhelper.net,4021
7esl.com,3956
welovecatsandkittens.com,3908
bitespeak.com,3905
southsideweekly.com,3896
angsarap.net,3865
theoldschoolhouse.com,3711
homequirer.com,3711
mycourses.co.za,3662
nichepursuits.com,3619
johnaugust.com,3614
synonympro.com,3599
tallypress.com,3589
byretreat.com,3495
davidwolfe.com,3443
ralphsway.com,3419
kaizen.com,3417
requestletters.com,3393
avocadu.com,3302
publichealth.com.ng,3263
marilyn-manson.com,3242
stomatologist.org,3215
thecompleteherbalguide.com,3130
tutorial.eyehunts.com,3115
meredithplays.com,3111
healthhype.com,3099
holistichealthpathways.com,3093
thirdclover.com,3013
runsociety.com,2997
gordontredgold.com,2990
seniorslifestylemag.com,2987
eatliveescape.com,2985
pathsoflearning.net,2967
therandomvibez.com,2960
healthynewage.com,2907
wellingtonhometeam.com,2863
easy-home-repair-tips.com,2836
blimburnseeds.com,2822
loganconsulting.com,2804
everydaycarry.com,2747
mcpe-planet.com,2695
gameslearningsociety.org,2669
sofeminine.co.uk,2669
thelifesciencesmagazine.com,2666
thechiclife.com,2664
fitelo.co,2661
indian.community,2652
icyhealth.com,2639
theautismhelper.com,2631
livinglifeandlearning.com,2627
brilliantio.com,2621
tnmagazine.org,2614
snacksafely.com,2606
thetrashcanturkey.com,2594
foodfornet.com,2578
bluesbestlife.com,2506
safeandsanitaryhomes.org,2501
hvaclaboratory.com,2489
singlegrain.com,2478
kitchentiptricks.com,2463
escoffieronline.com,2459
doityourselfrv.com,2458
biologynotesonline.com,2444
insightscare.com,2422
airfryermom.com,2413
montessori.org,2374
juliescafebakery.com,2358
kitchenseer.com,2348
lamclinic.com,2342
oodlelife.com,2342
hvacseer.com,2332
askaprepper.com,2319
momsbudget.com,2311
faucetfam.com,2307
verybigbrain.com,2287
diethood.com,2268
exceladept.com,2265
digitalgpoint.com,2260
greenlivingideas.com,2234
studiobinder.com,2206
foodsafetyhelpline.com,2180
ilovegrowingmarijuana.com,2160
raynewater.com,2145
springtomorrow.com,2119
makeitspecialgift.com,2116
journalofcognitivepsychology.com,2102
onehourairftworth.com,2099
iheartcats.com,2097
blog.txfb-ins.com,2076
houstonsuburb.com,2051
askpython.com,2050
raisingarrows.net,2030
airpurey.com,2017
vuniversity.in,2002
confessionsofanover-workedmom.com,1990
runninginaskirt.com,1987
checkappliance.co.uk,1978
myexceltemplates.com,1974
oilswelove.com,1967
cacfp.org,1949
agirlworthsaving.net,1946
infiniteflavors.blog,1944
fitfoundme.com,1927
breakfastwithnick.com,1921
blog.acma-association.com,1918
gardenandcrafty.com,1917
myconsciouseating.com,1913
wealthtender.com,1909
earthday.org,1898
liquorlaboratory.com,1892
thehappybodyproject.com,1884
sustainablebusinessmagazine.net,1883
becausemomsays.com,1879
eslbuzz.com,1869
thegoodmotherproject.com,1842
glossary.guide,1840
conanexiles.com,1837
chefol.com,1836
barbecuebible.com,1827
aussiecareerinsights.com,1820
daybydayinourworld.com,1813
blog.biotrust.com,1787
naturalhealingmagazine.com,1786
plantingguys.com,1783
organizeyourstuffnow.com,1780
todaysrdh.com,1780
priceofmeat.com,1779
numberdyslexia.com,1773
pythonguides.com,1767
easypeasyandfun.com,1752
cleanerslink.com,1747
honeycolony.com,1730
industrystandarddesign.com,1716
silverlininglessons.com,1708
tipsytiaras.com,1702
massivebio.com,1700
globalwellnessinstitute.org,1692
onefrugalgirl.com,1691
makeitgrateful.com,1684
sophieuliano.com,1681
microbenotes.com,1669
supplements4fitness.com,1642
askbart.org,1642
itisakeeper.com,1639
spiceography.com,1638
self-build.co.uk,1611
ajetsetjournal.com,1608
myuncommonsliceofsuburbia.com,1607
makingsenseofcents.com,1570
yummyyum.net,1558
thequeenzone.com,1552
tastessence.com,1547
amyshealthybaking.com,1545
ccs-co.com,1542
cuisinenoir.com,1542
k9ofmine.com,1539
nestofposies-blog.com,1537
thestonesoup.com,1523
alecooks.com,1522
carolinamontoni.com,1506
mydairyfreeglutenfreelife.com,1503
advancedliving.com,1499
imahealth.org,1497
drizzlemeskinny.com,1496
clarkscondensed.com,1492
bns.institute,1492
girlandhappy.com,1487
howtomoney.com,1471
bjultrasonic.com,1464
whattogetmy.com,1458
rachelcooks.com,1456
thehomeimproving.com,1454
ourcraftymom.com,1449
afewshortcuts.com,1424
beautyaficionado.com,1414
templatehaven.com,1397
petfriendlyhouse.com,1396
strengthandsunshine.com,1379
chilipeppermadness.com,1367
goodoldboat.com,1364
start-a-garden.com,1342
cooksmarts.ca,1324
juliannayuri.com,1321
mylifecookbook.com,1312
perfectketo.com,1312
carxplorer.com,1302
healthfulpursuit.com,1301
slimmingviolet.com,1289
theleangreenbean.com,1280
thecrispychef.com,1278
austinfilmfestival.com,1275
orchidsandsweettea.com,1270
citychicliving.com,1268
grammarvocab.com,1267
petsweekly.com,1265
woocommerce.com,1251
justcook.butcherbox.com,1250
b-inspiredmama.com,1248
afrogistmedia.com,1245
proofed.com,1229
marionskitchen.com,1220
speechtherapyideas.com,1206
traditionallymodernfood.com,1193
businessbloomer.com,1183
quantumhealingpathways.com,1180
pocketchangegourmet.com,1177
foodrenegade.com,1176
feastandwest.com,1172
findingjoyinyourhome.com,1170
easyyum.familyfreshrecipes.com,1165
skinnykitchen.com,1157
drlauryn.com,1155
adhd-workbook.com,1146
happypinaymommy.com,1142
inclusiveteach.com,1138
marijuanadoctors.com,1136
littlesproutslearning.co,1136
thefactfactor.com,1136
ilovebicycling.com,1136
blog.thedolcediet.com,1133
mixthatdrink.com,1131
b02.417.myftpupload.com,1127
thenovicechefblog.com,1127
everydayspeech.com,1123
familyfoodonthetable.com,1115
englishgrammarnotes.com,1112
msrachelhollis.com,1106
theconfidentmom.com,1105
acrazyfamily.com,1103
thismessisours.com,1086
ifoodreal.com,1083
personalfinanceopinions.com,1071
bamboodu.com,1068
theresasreviews.com,1064
sharepains.com,1060
ninjamachinerecipes.com,1059
whatmollymade.com,1056
bulletproof.com,1048
nextwhatbusiness.com,1048
preparednessadvice.com,1046
thestreetfoodguy.com,1042
triedandtrueblog.com,1042
drwillcole.com,1040
mamaknowsitall.com,1032
staysnatched.com,1026
thebeautyinsiders.com,1023
remodelagain.com,1021
chemistrycachet.com,1019
healthroid.com,1005
bowl-me-over.com,1002
karmacoffeecafe.com,1002
airpurifierissues.com,1001
environmentgo.com,999
appliancechat.com,995
mastersofkitchen.com,991
caloriesecrets.net,989
reddirtramblings.com,988
health.fmolhs.org,987
outdoordoer.com,985
flavormosaic.com,984
driphydration.com,983
intoxicatedonlife.com,983
vikalinka.com,977
excelinsider.com,968
wfmh.org,962
lifeasmom.com,958
embitel.com,957
bysophialee.com,954
kitchensubstitute.com,954
lifestyleofafoodie.com,953
cellhealthnews.com,952
studiousguy.com,951
dailymoss.com,947
blog.bizvibe.com,942
eudaimoniahomes.com,941
synergyhomecare.com,940
vocabineer.com,936
moldreporter.com,936
theanthonykitchen.com,933
sandandorsnow.com,933
collectedmed.com,932
goodemma.com,931
functionalmedicinelosangeles.com,930
jaroflemons.com,929
healthygreenkitchen.com,928
bakerita.com,921
kristineskitchenblog.com,919
thetortillachannel.com,914
billyparisi.com,910
aziza.com.ng,909
thefitcookie.com,903
helpwithdiy.com,903
wellsquad.com,902
hsewatch.com,898
fowlfamily.com,897
jillcarnahan.com,896
amindfullmom.com,894
tpchd.org,892
cookinginstilettos.com,886
sensibledigs.com,886
recipestheir.com,883
thismakesthat.com,879
craftsonfire.com,878
indymaven.com,877
accessbathroom.com,877
wecf.org,876
grammarcove.com,875
healthier-patriot.com,871
setupmyhotel.com,868
drinkstack.com,868
somebodyfeedseb.com,864
korrashay.com,864
healthyseasonalrecipes.com,859
idahofoodbank.org,858
zestfulkitchen.com,858
glutenbee.com,852
lemonandlively.com,845
allrecipesecret.com,842
brightstuffs.com,842
amothersrandomthoughts.com,842
qnet.net,841
babyfoode.com,835
chsbuffalo.org,833
carnivorestyle.com,832
cookingdownhome.com,831
fems-microbiology.org,830
blog.zabbix.com,827
myfoodstory.com,826
exoticfruitsandvegetables.com,826
kimschob.com,822
philippinegetaway.com,820
thistinybluehouse.com,819
document360.com,819
kapnosdc.com,816
datascienceparichay.com,815
meghantelpner.com,813
allthehealthythings.com,813
homeguideguru.com,811
kotigi.com,809
grilledcheesesocial.com,808
lazymealprep.com,805
lanascooking.com,803
1stchoiceplumbingsd.com,801
itsavegworldafterall.com,799
nrcne.org,798
allshecooks.com,796
cancercouncil.com.au,795
temperaturemaster.com,791
travelclosely.com,791
familyresourcehomecare.com,788
lowdoughfamily.com,787
jubilance.com,784
naturalenglishcentral.com,784
growingagreenerworld.com,777
oracleerpappsguide.com,774
slc.gov,770
holisticfamilypracticeva.com,770
homecookingmemories.com,769
adamkempfitness.com,767
naturalheartdoctor.com,764
veinard.org,764
onecartao.com,763
fodmapeveryday.com,762
concordialm.org,759
canfoodgobad.com,754
herpackinglist.com,752
homecooksworld.com,750
dailycaring.com,750
eazystock.com,750
rpgbot.net,748
crumbsandchaos.net,747
honehealth.com,746
germanfoods.org,743
heinens.com,741
floorcarekits.com,733
mobilehomeideas.com,732
industrialscripts.com,732
sharethepasta.org,730
preciouscore.com,729
allergy-details.com,729
rvblogger.com,727
haleandbelle.com,725
livingwellmom.com,723
onedishkitchen.com,723
happyfoodstube.com,722
cozybedquarters.com,722
tropicalfruitsy.com,721
adebtfreestressfreelife.com,720
livingproofmag.com,717
castoroil-guide.com,715
nationalchickencouncil.org,714
leanmanufacturing.online,713
outfiten.com,709
sohappyyoulikedit.com,706
winssolutions.org,704
basicswithbails.com,698
myforkinglife.com,698
savvyhoney.com,698
mymerrymessylife.com,696
freshfitnhealthy.com,693
homekitchenmagazine.com,692
jugosnaturales.net,691
cooksinfo.com,688
littlecreekrecovery.org,686
removeheavymetals.com,683
wellnessbeam.org,683
lingokids.com,681
mycookingrecipes.com,676
californiaprimerecovery.com,674
alzheimerslab.com,671
diabetesknow.com,670
mrmrsenglish.com,669
civitasseniorliving.com,668
indianveggiedelight.com,668
leanlivingnow.com,667
levels.com,667
delightfulmomfood.com,666
taketwotapas.com,666
kejanicleaning.co.ke,665
lucismorsels.com,665
zagline.com,663
well.org,663
grainstorehouse.com,662
myketokitchen.com,661
mygardenlife.com,661
whatmommydoes.com,660
theonlinegrill.com,656
pastrychefonline.com,656
physiomantra.co,654
theharvestkitchen.com,652
executiveflyers.com,651
circaairfryer.com,650
wickerwoman.com,650
homesteadingfamily.com,649
blog.infs.com,649
upweegrow.com,648
thegoodcaregroup.com,645
vegetarianzen.com,644
hellamaid.ca,643
tealnotes.com,640
hiphipgourmet.com,640
maidbrigade.com,640
nikke.gg,638
theproteinchef.co,637
spoonnspice.com,635
hauteandhealthyliving.com,632
whatihavelearnedteaching.com,627
elemental.green,625
outsideresource.com,623
babame.com,622
drniveditapandey.com,620
definecivil.com,618
lifeonsummerhill.com,615
smoothiesncookies.com,613
acemannjr.com,612
susanbranch.com,611
themostlysimplelife.com,611
homeqly.com,610
alternativetomeds.com,610
wescreenplay.com,609
yurielkaim.com,609
thelittlepine.com,607
foodfidelity.com,607
thecompactkitchen.com,603
emersonproservices.com,603
adespresso.com,602
yumfryer.com,602
residentialsolarpanels.org,602
imyobe.com,602
arosetintedworld.co.uk,601
glutenfreedairyfreereviews.com,600
bestratedhealth.com,598
madnessandmethod.com,597
fromachefskitchen.com,595
impactdots.com,594
bucketlisttummy.com,592
fitibility.com,588
ohsofoodie.com,588
spoiledhounds.com,587
thatgirlcookshealthy.com,587
delightfulemade.com,584
autismclassroomresources.com,584
thirtysomethingsupermom.com,581
travelwanderlust.co,580
susandennard.com,580
bestbuyguidebook.com,578
storyandhome.com,578
tanmenciasdental.com,577
chefjacooks.com,576
outdoorapothecary.com,576
kellyscleankitchen.com,576
relaxlangmom.com,575
nfcc.org,575
spicetosauce.com,574
yourfishguide.com,573
healthy-food-choices-in-schools.extension.org,573
wholesomepatisserie.com,572
beautymag.com,572
tpcjournal.nbcc.org,571
startathomedecor.com,567
mealprepmap.com,563
naturallivingfamily.com,563
keytomylime.com,559
1001patterns.com,558
goodliife.com,557
mouseearmemories.com,555
bossbabechroniclesblog.com,554
hwcmagazine.com,553
pureline.com,550
blog.mybalancemeals.com,549
homechoicehomecare.com,547
plankandpillow.com,546
savoringthegood.com,545
asavoryfeast.com,545
eldercarealliance.org,545
choicepointhealth.com,545
theprocesshacker.com,543
ecomstart.io,541
esfi.org,540
beamrecipes.com,537
naturalbeautyobsesseed.com,536
trueremedies.com,536
crabbyhousewife.com,535
grillcuisines.com,535
foodieandwine.com,533
thepaleodiet.com,533
familytravelmagazine.com,531
thedairydish.com,530
silkroadrecipes.com,528
foodrecipestoday.com,527
interviewquestions.guru,527
healthsciencesforum.com,524
dancingthroughtherain.com,523
cookstowndental.com,523
englishilm.com,522
womensconcepts.com,521
fishkeepingadventure.com,521
campersmarts.com,521
happyorganizedlife.com,521
nomadette.com,520
foodsalternative.com,519
businessguru.co,519
manueltgomes.com,518
photoshopbuzz.com,517
livinginatiny.com,517
alwaysbestcare.com,516
freedomcare.com,516
spreadsheeto.com,516
logosbynick.com,512
healthwholeness.com,511
therecycleguide.org,510
grammyrecipes.com,504
listinspired.com,503
burgoscleaning.com,503
masonfit.com,503
sunrisespecialty.com,502
methadone.org,500
fearlessfresh.com,500
homeinthefingerlakes.com,498
lucyskitchenofrecipes.com,496
deliciousmeetshealthy.com,495
move.org,493
d365demystified.com,491
sheetgo.com,491
walderwellness.com,488
greenheal.net,487
gloriafood.com,487
thecoffeeguru.net,486
frugalfamilytimes.com,486
nicolaslawn.com,485
ilslearningcorner.com,485
blossom-counseling.net,485
hellskitchenrecipes.com,483
frugalreality.com,483
retroresolve.com,483
thebestmods.com,483
projecthotmess.com,482
nourishedbycaroline.ca,482
bakingwit.com,480
cleverjourney.com,480
beautymone.com,478
ohhowcivilized.com,477
airpurelife.com,474
allnaturalideas.com,473
dinnerplanner.com,472
practicaloffgridliving.com,471
helpful-kitchen-tips.com,470
thebalancework.com,469
utphysicians.com,468
thishealthykitchen.com,467
everythingmom.com,467
zicail.com,466
drmikekuna.com,466
hardworkingmom.com,464
validworth.com,462
theattitudeadvantage.com,462
repaintnow.com,462
bestcaremn.com,459
dominicancooking.com,458
savorythoughts.com,457
global-sharepoint.com,457
farmtojar.com,456
anthuriuminfo.com,456
coffeevoila.com,455
householdadvice.net,455
restonic.com,455
thebrandedbucks.com,453
wowsoclean.com,452
plantshospital.com,452
operatorcoffeeco.com,450
pethubusa.com,450
homenetwork.ca,449
discuskeeper.com,447
realmomnutrition.com,447
almostpractical.com,446
americandairy.com,444
penniesintopearls.com,444
diy-crush.com,444
smartsavvyliving.com,443
independenceaustralia.com.au,443
eatlittlebird.com,443
thegoodheartedwoman.com,439
worksmartlivesmart.com,436
futuresrecoveryhealthcare.com,434
lifenreflection.com,432
diy.repairclinic.com,432
organicabiotech.com,428
askthescientists.com,426
epicnaturalhealth.com,424
operationfoodsearch.org,423
goodfoodbaddie.com,422
flavourpalate.com,422
sinfullyspicy.com,421
projectmealplan.com,420
txm.com,419
protoolguide.com,417
stavroshalvatzis.com,416
americanachoice.com,416
easyinstantrecipes.com,416
ecoheven.com,414
cushyspa.com,414
beingecomomical.com,412
fengshuitricks.com,411
simplestic.com,410
everfumed.com,409
tastesofhomemade.com,409
resultstc.com,408
techiehomeschoolmom.com,408
drdavinahseats.com,407
techwriteredc.com,407
cooking-therapy.com,407
tips.simplygoodstuff.com,406
ltbbodawa-nsn.gov,406
4cornerresources.com,405
enviro-master.com,405
indoorbreathing.com,403
cookingformysoul.com,402
envynature.org,402
changemanagementinsight.com,402
greenterracleaning.com,401
kitchentalkies.com,400
thesavvyspoon.com,400
angliancare.com,396
tomriha.com,395
learnalongwithme.com,395
everythingabode.com,394
culligan.com,394
ohclary.com,392
plumhealthyfine.com,392
adamtasty.com,392
airpurifiers.com,391
healthcareinsider.com,390
slowaging.org,389
fishtankadvisor.com,388
i-love-cavaliers.com,387
cityskinclinic.com,387
debt.com,387
mymealrecipes.com,386
simplelifesaver.com,385
karviva.com,385
geekyposh.com,384
healthysubstitute.com,383
thenewknew.com,382
bellewoodcottage.com,382
askforay.com,380
cft.edu.au,378
blog.pureindianfoods.com,378
sharpaspirant.com,378
recipeteacher.com,378
thenessykitchen.com,377
airpurifierfirst.com,377
silvermistrecovery.com,376
thekitchentimes.com,375
bootsandhooveshomestead.com,374
eastewart.com,374
theicn.org,374
thespreadsheetguru.com,373
goldilockskitchen.com,373
thecuriousfrugal.com,373
afternoonteareads.com,371
gentlenursery.com,369
101cookingfortwo.com,369
streetsmartnutrition.com,369
rootwholebody.com,368
takecareinternational.org,368
personalabs.com,368
menus4you.com,365
cleancurious.com,364
femniqe.com,364
aswellyoushould.com,363
maximosecrets.com,363
snoopviews.com,363
wandercooks.com,363
schweigerderm.com,363
trialandeater.com,363
subscriboxer.com,362
romerohardwoodfloor.com,362
sixsigmastudyguide.com,360
sunriserecoverycare.com,359
studiobotanica.com,359
woodcritique.com,358
craftydaily.com,358
psychuniverse.com,356
lowcarb-ology.com,355
honestfoodtalks.com,353
sharonledwards.com,353
growfinancial.org,352
loriballen.com,350
cravingsomethinghealthy.com,350
rejoicenutritionwellness.com,349
savoringtoday.com,349
addictioncenter.com,348
personalcarecouncil.org,348
explorepsychology.com,347
flavcity.com,346
tripbeam.com,346
mommafitlyndsey.com,345
golfinsideruk.com,345
houstonfoodbank.org,345
zengreen.net,344
myflyingleap.com,343
nofima.com,343
resinobsession.com,342
therealgutdoctor.com,341
cooperativehomecare.com,340
getfogmachine.com,339
flavorfuldrinks.com,338
timbersill.com,338
howewelive.com,337
alorahealth.com,337
outliyr.com,337
mindfulzen.co,336
financialbinder.com,336
yummydrool.com,336
nowandpast.com,335
abakingjourney.com,334
sustainablecorvallis.org,332
student.com,332
medikeeper.com,332
mamashire.com,331
nassp.org,331
sekamoving.com,331
cedclinic.com,331
onewholesomelife.com,329
naturalhealingguides.com,328
buildingbluebird.com,327
smoothiegains.com,327
helpshoe.com,326
txhomesrealty.com,326
changeinseconds.com,326
drecampbell.com,326
sumhr.com,325
trueprepper.com,325
opsive.com,325
gutnow.com,324
yourbakingbestie.com,324
speechymusings.com,324
afcurgentcare.com,323
ironandgrit.com,322
thehelpfulgf.com,322
adapthealth.com,321
airlucent.com,321
ecofriendlyhomehub.com,320
investohealth.com,319
care4sugar.com,318
decorcabinets.com,318
thefoodsafetydad.com,317
movnat.com,316
oliviaadriance.com,315
nihaoma-mandarin.com,313
premiofoods.com,313
communitycaretoolkit.com,312
neilchasefilm.com,312
seafoodnutrition.org,312
lisatannerwriting.com,311
thehomesapiens.com,309
rvownerhq.com,308
optionsmedicalweightloss.com,308
thekitchengirl.com,307
drinksworld.com,307
grapesandsplendor.com,304
pancakerecipes.com,303
indonesiacoconutcharcoal.net,303
abeautyedit.com,302
notsealed.com,301
hospitality-school.com,301
themoldassassins.com,300
blog.homelessinfo.org,300
muydelish.com,299
goteaworld.com,299
detailorientedtraveler.com,297
healthsconscious.com,297
thebrainandthebrawn.com,296
moodymixologist.com,295
kitchendev.com,294
iliveforgreens.com,292
circlesquareoval.com,292
oizom.com,291
personalcarellc.com,291
inhomecare.com,291
gentechscientific.com,291
chefpassport.com,291
dermoi.com,290
nushoeinspectandcorrect.com,290
lovefrenchfood.com,290
mindbodycomplete.com,289
thehomecookbible.com,289
whiskeyandwhit.com,289
k9.rocks,288
sweetgrasstradingco.com,288
northwestautocollision.com,287
chrissymarieblog.com,287
tinyeco.com,287
leapwithgrace.com,286
eppconcrete.com,285
comforcare.com,285
kidstut.com,285
matthewdevaney.com,285
madeintheusamatters.com,284
rvinspiration.com,283
smilefortwayne.com,283
go4travelblog.com,282
features.api.westelm.com,282
fs-pcba.com,282
browndlp.org,281
lawnchick.com,281
hackspirit.com,280
homebaking.org,280
dysphagiacafe.com,280
diyhomewizard.com,279
recipe52.com,279
thevanabondtales.com,279
foodboxhq.com,278
dadfixeseverything.com,277
survivingthestores.com,277
lilynicholsrdn.com,277
anitashousekeeping.com,276
nccdp.org,276
valueyourwatch.com,276
wonderingescapes.com,275
dryeffect.com,274
educationwalkthrough.com,274
homecleaningforyou.com,273
thekelliekitchen.com,272
sobrietycentersofnh.com,272
holistic-momma.com,272
ultimatefoodpreservation.com,271
mycarolinadentist.com,270
altituderecovery.com,269
retirementtipsandtricks.com,268
healthystepsnutrition.com,268
mastersinhomecare.com,268
xochristine.com,267
thehappiestblogonearth.com,267
amadaseniorcare.com,267
theoregondietitian.com,266
longevitycareclinic.com,266
travel-easier.com,266
sweetmoneybee.com,265
onmycanvas.com,264
joannabel.com,263
theupcycledfamily.com,263
healthyliferecovery.com,262
flavorfulife.com,262
viterecipe.com,262
chaosandwine.com,260
goodbeginnings.net.au,260
scarlatifamilykitchen.com,260
kitchen-genius.info,259
designingyourperfecthouse.com,259
lakesidemilam.com,259
biolase.com,257
hexafood.com,257
effectiveinventory.com,256
easyfreshhome.com,256
kevinian.com,255
learnbyexample.org,254
essentialdata.com,253
upcyclely.com,252
growing-minds.org,251
carolineondesign.com,250
arishtam.com,250
1800homecare.com,250
mallorynikolaus.com,249
cris.msu.edu,248
bowencollege.com,247
extrawellness.net,247
goldenglutenfree.com,246
drink-milk.com,244
deenrecipes.com,244
whatwelove2do.com,243
stylinbysarita.com,243
neathousesweethome.com,243
lemonslavenderandlaundry.com,242
thesimplehomeplace.com,242
thehappyturtlestraw.com,242
culinahealth.com,241
craftyforhome.com,241
purepoollife.com,241
chickencheck.in,240
getassist.com,240
thearcnw.org,240
drhoffman.com,239
mamalovestocook.com,238
usherbals.com,237
oracleappsdna.com,237
landofrost.com,237
whollytasteful.com,237
jinfiniti.com,236
justwhatweeat.com,236
assistinghands.com,236
littlehouselovelyhome.com,235
balancedkitchen.com,235
cencalhealth.org,234
heritagemom.com,232
apps2fusion.com,231
crownpersonalcare.org,231
theflattopking.com,231
bloopanimation.com,230
boondockorbust.com,230
thenetworkinstallers.com,230
oliviawyles.com,229
anvl.com,229
amysadlerdesigns.com,229
notintheguidebooks.com,228
jtserviceco.com,228
ninesliving.com,227
essentialhomeandgarden.com,227
ilovecreamcheese.com,227
homage.com.my,226
remexusa.com,226
jamesandcatrin.com,225
amishrules.com,224
pilotlightchefs.org,224
physicsread.com,224
makefoodlovely.com,223
masteryourmoneyplan.com,223
fedeltahomecare.com,222
voyageurtripper.com,222
sassycooking.com,222
skinbravo.com,221
crochetitcreations.com,221
aplaceathome.com,221
practicalmechanic.com,220
blog.workplacepro.com,220
nfil.net,220
explaintoakid.com,220
dishwithme.com,219
excelshe.com,219
cherishedagency.com,219
homesteadingalliance.com,218
wekivaculinary.org,218
biocylab.blog,218
bushcraftuk.com,216
skinnyfitmama.com,216
tasteitwithtia.com,216
lifewithrumie.com,215
arcadian.tv,214
michelegreenmd.com,214
whatmomslove.com,214
mdhomedetox.com,214
anthonyawaken.com,212
mexicanfoodjournal.com,211
ehomeremedies.com,211
markjohnsonplumbing.com,211
tangolines.com,211
bodybarmd.com,211
fermentations.co.uk,211
fleurishcollective.com,211
rockawayhc.com,210
culinaryclassroom.com,209
edenseniorhc.com,208
meredithallard.com,208
theivykitchen.com,208
retireetoday.com,208
peaktoplate.com,207
answersforeveryone.com,207
craftgalleryusa.com,205
careacademy.com,205
nextlevelchess.com,204
thedrinkdiaries.com,203
foodready.ai,203
goglutenfreely.com,202
myspicer.com,202
aromatherapyanywhere.com,202
quilterscandy.com,202
cookswithsoul.com,200
mahatmarice.com,200
cleanzen.com,200
mindbodyspiritcare.com,200
goodinthesimple.com,200
bbqreport.com,199
biooneinc.com,199
rescuemytimecleaningservice.com,199
bonavita.ph,199
northernyum.com,198
360clean.com,197
thetriviaquizsite.com,196
mirchitales.com,196
homeairadvisor.com,196
sheneedscoffee.com,196
cocktailsandshots.com,196
newhopehealth.com,196
cathydiep.com,195
onlyglutenfreerecipes.com,195
smiledesigndentistry.com,195
bestphilippinestravelguide.com,194
soberlifesd.com,194
celiacmama.com,193
yourlifewellorganized.com,193
takehomesmile.com,191
ourheritageofhealth.com,190
oniusavenezia.com,190
healthjuices.net,189
techreviewly.com,188
atyoursidehomecare.com,188
hvacrcareerconnectny.com,187
fwdfuel.com,187
mapleleaffoods.com,184
ibenic.com,184
heartlyrecipes.com,184
riddlevillage.com,184
glutenfreestories.com,184
elara.com,183
buildbetterhouse.com,182
qbcore.io,181
lookinfinite.com,181
authoritycamper.com,181
thebobs.com,181
communitycarehhs.com,181
deliberatelyhere.com,180
ryanandalex.com,180
healthygreenathlete.com,180
everydayrecycler.com,180
edukania.com,180
bsaci.org,180
homefreshideas.com,179
adashoforganizing.com,178
thebarbecuelab.com,178
awonderfullyimperfectlife.com,177
strugglingwithaddiction.com,177
truecareny.com,177
worldwidecare.net,176
grillsmokelove.com,176
pinoy-cooking.com,175
mashomecare.com,175
moldguy.ca,174
fitmencook.com,174
pheelpretty.com,174
rwelephant.com,174
gratefulgrazer.com,173
thechicquota.com,172
dwardcooks.com,172
thekitchenchalkboard.com,172
shakeguys.com,172
ce.edu.dental,171
reynoldsrestoration.com,171
bernadettelance.com,171
montessori-portal.com,171
travelccessories.com,169
drkentwoo.com,169
edumed.org,169
corestaurant.org,168
kids.earth.org,168
themealprepninja.com,167
maximhealthcare.com,167
myminichefs.com,167
everydayimcarrying.com,167
familyplanting.com,167
littlehealthybites.com,167
tinytreedecor.com,166
neighborlyhomecare.com,166
uncommonlywell.co,166
alliancehomecare.com,165
kclonline.com,165
everythingcountryliving.com,165
winchestergardens.com,165
friendsfamilyhomecare.com,164
greenenergyhub.com,164
pestkill.org,164
homage.sg,164
hireinfluence.com,164
midtownnephrology.com,163
charlestonallergy.com,163
assess.com,163
guitarrepairbench.com,163
apttraveler.com,161
forbes-partners.com,161
puffstats.com,161
thehomeintent.com,160
pur360solutions.com,160
myfermentedfoods.com,160
a-1certifiedenvironmentalservices.com,159
nurselinecs.co.uk,159
scottishscran.com,159
sjsiedenburg.com,158
zoetasty.com,158
karynhaley.com,158
yourhealthybeginning.com,157
achology.com,156
rethinktrends.com,156
greenworksllc.com,156
homescentify.com,155
ideashealthy.com,155
wecookrecipes.com,155
triplecrowncorp.com,155
arosacare.com,154
dianabotsford.com,154
rixincosmetics.com,154
letravelstyle.com,153
nutritionresolution.com,153
thisbigadventure.com,152
urc-chs.com,150
andreajeancleaning.com,150
theprofarmer.com,149
statcarewalkin.com,149
lessinvest.com,148
safetysection.com,148
theecoedit.co,148
latinamommeals.com,147
resolve.org,147
daleletstravel.com,147
facs.com,146
leveluprecipes.com,146
executive-clean.com,145
tundraland.com,145
at-my-table.com,145
healthinsightglobal.com,145
quebit.com,144
patientfirst.com,144
raincitymaids.com,144
the-ava.com,144
aaheating.com,144
immunolabs.com,144
aaafoodhandler.com,143
teainabstraction.com,143
biosocal.com,143
insureous.com,143
thesimpleliferevival.com,143
intentionalwellnessinc.com,142
caringprofessionals.com,142
digitalgyd.com,142
therecipewell.com,141
thebuzzedartist.com,141
blackhillrestoration.com,141
greentechnologyinfo.com,140
qualitycleanservice.com,139
vanburencd.org,139
afresherhome.com,138
melissamitri.com,138
lovelymomhood.com,137
justaskjennp.com,137
rgv-directcare.com,137
rikeneville.com,137
cfallspainting.com,137
luxelifemama.com,136
eatperu.com,136
lindaledentists.com,136
spicescooking.com,134
acookscompanion.com,134
homeairsupply.com,134
traumaresearchuk.org,134
candlemakingfun.com,134
cookingchops.com,134
somewhatsimpleliving.com,134
intolerancelab.co.uk,134
hallmarkhomecare.com,133
novaortho.com,133
gbpsr.org,133
mechtrician.com,133
aproductivehousehold.com,133
floritica.com,133
jacobgrant.com,133
marialuceydietitian.com,132
crystalcleanvents.com,132
fosterpandh.com,132
fairfaxhearing.com,131
brillpack.com,131
danthelabsafetyman.com,131
1800waterdamage.com,131
kennedycare.com,131
pacificspice.com,131
concretechiropractor.com,130
resolutionsofpalmbeach.com,130
ljskitchens.com,129
datanumen.com,129
advancedintegratedhealth.com,128
truthhealthacademy.com,128
thecoffeefiles.com,127
excelx.com,126
clearcogs.com,126
xpressmovers.com,125
everytastes.com,125
tentcampinglife.com,125
srmglobalhospitals.com,125
blog.yemparts.com,125
brewthatcoffee.com,124
warehousewanderer.com,124
recipesmeat.net,124
commonthreads.org,124
tierrestoration.com,124
recipetaken.com,123
wirece.com,122
yiluo-tech.com,122
abbeycleaning.com,122
allthatscrapbook.com,122
momhacks101.com,121
catorecipes.com,121
stitchpiecenpurl.com,120
tomvad.com,120
accuratehomecare.com,120
camperscircle.com,119
anayokota.com,119
goasher.com,119
charliefoundation.org,119
teamgreenclean.com,118
cookplates.com,118
dr-kelley.com,118
kidsusamontessori.org,118
crawlspacemakeover.com,118
cheatsheetlife.com,118
carehop.ca,117
chefibpa.com,116
purelivingforlife.com,116
juicerdiary.com,116
shalanicely.com,116
wolfhomeproducts.com,115
thefoodnom.com,115
diywithmyguy.com,114
crossroadshealth.org,114
puredtx.com,114
glutenfreeheroes.com,114
thesmoothiebird.com,114
ductdoctorbirmingham.com,114
caiteyjay.com,113
soloappliancerepair.com,113
theintentionhabit.com,112
organizationaltoast.com,112
elizabethetiquette.com,112
allergypreventions.com,112
compassus.com,112
americancourseacademy.com,111
nhccare.com,111
theecofriend.net,111
afhh.org,111
greenerinsights.com,110
americonrestoration.com,110
squeakycleaning.com,110
housecleaningsf.com,110
ikonrecoverycenters.org,109
birchtreeorganizing.ca,108
northstarrestorationservices.com,108
scottjeffrey.com,108
nelda.org.in,107
screenplayreaders.com,107
cleanairgardening.com,107
abcservertraining.com,107
frugalminimalistkitchen.com,107
cretelligent.com,106
jaxfurniturerefinishingandupholstering.com,106
freeandunfettered.com,106
ehscompliance.com,106
airpurifiermaster.com,105
thirstpriority.com,105
holistic-health.com,105
hchb.com,104
castironrecipes.com,104
housecallshc.org,104
lifeimprovement.co.uk,103
retailfoodsafetycollaborative.org,103
oraclebytes.com,103
blog.ultimatedog.com,102
cuernakitchen.com,102
groutcleaner.com,102
thrivingwonders.com,102
bunkerhilldentistry.com,102
healthyeater.com,102
thegardenersworld.com,102
comfykitchen.com,101
gacservices.com,100
cranehomecare.com,99
limetalsystems.com,98
adoncps.com,98
airscent.com,98
simplyspotless.com.au,98
thepackablelife.com,97
greensliceoflife.com,97
epa.guam.gov,97
airconditionerlab.com,97
corsocare.com,96
garagetested.com,96
pureoneservices.com,96
littlelovescare.com,96
tjhandymanservicesllc.com,96
quirkypineapples.com,95
holfamily.com,95
learndrive.org,95
detoxandprosper.com,95
thecocktailnovice.com,95
summitbrands.com,95
mocktailaura.com,95
iveals.com,94
braintherapytms.com,94
foodandbeverageknowledge.com,94
certifiedrestorationinc.com,93
coolmisthumidifier.org,93
charlottehodgesmd.com,93
wellnesswatercompany.com,93
turkeyguzel.com,93
beinganadultishard.com,93
massschoolwellness.org,92
bensonhenryinstitute.org,91
rouxbe.com,91
symega.com,91
homeplainandsimple.com,91
fressclean.com,91
letthyfood.com,90
generatorist.com,89
shavercheck.com,89
urinedrugtesthq.com,89
thecommoncentsclub.com,88
simplestructuredmama.com,88
littlevoicebigmatter.com,88
clevermamalifehacks.com,88
lasrydentalclinic.com,88
georgetownhomecare.com,87
greenlife123.com,87
aromadesigners.com,87
thaionnet.com,87
nyc.cce.cornell.edu,86
saudereggs.com,86
crateandpack.com,85
air-quality-eng.com,85
nycintegrative.com,85
petodorsolution.com,84
tastythais.com,84
activehhh.com,84
askthehomegeek.com,84
blog.sendwork.com,83
bloomandboughs.com,83
palmbeachorganized.com,83
kitchenbarrels.com,83
healthyalternativemarkets.com,83
justlivewell.com,83
wiseguysbarbers.com,82
hadalakitchenequipment.com,82
rcabc.org,82
clockhardware.com,82
masterodorremoval.com,82
blog.cib.education,82
thrivingsustainably.com,82
juicer360.com,82
mobilityathlete.com,81
seasoncontrolhvac.com,81
thesmarthappyproject.com,81
imaginetravelco.com,81
silvermaple.com,81
globalfoodconsumers.org,80
brooklynabortionclinic.nyc,80
blog.myclean.com,80
discover.purediymagic.com,80
learningtobesustainable.com,80
bambooexplore.com,80
unstoppablerise.com,80
leopardgecko.care,79
jdpowerwashing.com,79
recycling.com,79
allegromarinade.com,79
healthyvivacity.com,79
momsprintables.com,79
theglowupqueen.com,79
marchukan.com,79
williamsfoods.com,78
makinggoodcoffee.com,78
patchproflorida.com,78
ayurvedawithrebecca.com,78
marmurmedical.com,78
myfearlessfoodie.com,77
adultingonthespectrum.com,77
getleanertoday.com,77
centralhealthclinic.com.au,77
omdetox.com,77
descriptivewords.org,77
udservices.org,77
opuscollegeprep.com,76
ethoscare.org,76
diningmaui.com,76
trucarehomecare.com,76
fmbespokerestoration.com,75
inmyownkitchen.com,75
queenanneupholstery.com,74
kathleenwonders.com,74
wecareearth.com,74
enodeas.com,74
cookiesbbq.com,73
interiorsbyabbey.com,73
surffares.com,73
bettercleans.com,73
avanticorporate.com,72
theculinarycook.com,72
daxinglassbottles.com,72
veganfitguide.com,72
healthendure.com,72
safetynotes.net,72
theshakencocktail.com,72
greenorchardgroup.com,71
thegatsbycraft.com,71
trubahamianfoodtours.com,71
kitchenxpart.com,71
tervene.com,71
balancingbucks.com,70
craftingpulse.com,70
inspiredplum.com,70
workandfamilybalance.com,70
homecleaningandrepairs.com,70
heartfulhusle.com,70
gran.luchito.com,69
bostonfunctionalnutrition.com,69
ozonatedcleaning.com,68
blackgirlsunscreen.com,68
carepartners.us,68
godetail.com,68
mentalwellbeing.net,68
neutrinobursts.com,68
storylikeself.com,68
diaryofmyspirit.com,67
personallawncare.com,67
healingjourneyessentials.com,67
alluremedicalaesthetic.com,66
metrobathandtile.com,66
tmsselfstorage.com,66
silveradostorage.com,66
trexprotect.com,66
safelyio.com,66
ultimatesmiledesign.net,65
word.studio,65
moneymisfit.com,65
hublabels.com,64
neurospicynonsense.com,64
seekingthyme.com,64
ozeducation.com.au,64
hopehospice.com,64
homeairauthority.com,64
purposecare.com,63
theceliacdiva.com,63
hiehelpcenter.org,63
cardinalcleaning.com,63
purplecraftdiva.com,62
sashashairopshub.com,62
happycozyhouse.com,62
roofscour.com,62
edcprofessionalhomeinspections.com,62
majesticpulse.com,62
silenttest.com,62
crownclinic.com.au,61
emojikitchen.cc,61
breadflavors.com,61
mold-heal.com,61
kitchenacorns.com,60
doctorfehmida.com,60
dietitiansheenam.com,60
carokocht.com,60
nogluten.com,60
onecapitalsolutions.com,60
lefurniturerepair.com,60
frugallifeproject.com,60
elevationcannabis.co,59
mamamadesimple.com,59
upstairsdownstairscleaning.com,58
sustainlife.org,58
puredry.com,58
latex-tutorial.com,58
thegolfacademy.org,58
etairoshealth.com,57
atticrewwa.com,57
assaytech.com,57
thenookon32.com,57
prepholdcook.com,57
purenvironmental.com,56
alabamabioclean.com,56
cornerstonehomes.com,55
pureairfiltration.com,55
deltaadsorbents.com,55
bhookhahaathi.com,55
ami-ingredients.fr,55
makebeautifulcards.com,55
zerowastekitchen.moveforhunger.org,54
homesteadliving.com,54
smoothiediet.com,54
singleingredientgroceries.com,54
consortium.lib.de.us,54
mindhealth.com.au,54
sanitationspecialists.com,53
nativenatures.com,53
petsmopolitan.com,53
completehomecarepa.com,53
7brew-menus.com,53
residentialhealthcaregroup.com,53
drdavidsack.com,53
healthuprisingnow.com,52
ifocushealth.com,52
rootswingsandwellness.com,52
homechoices.org,51
simplebathohio.net,51
firestonerestoration.ca,51
bnbduck.com,51
nationalwellnessgroup.com,51
thesurvivalsummit.com,51
fabspin.com,51
neworigins.org,51
highendbarbershop.com,51
efficient-life.com,50
lifesahmazing.com,50
screenwritersdaily.com,50
biteswithblair.com,50
flavourandvitality.com,50
well-polished.com,49
ender-chest.com,49
kitchen.kidneyfund.org,49
saintsimeons.org,49
gohomepoint.com,49
foodbankonline.org,49
myvoda.com,48
food-prep.com,48
homesteadhc.com,48
kidscraftsbythreesisters.com,48
mwremediation.com,48
sunriseandgrind.com,47
gosunbolt.com,47
advance-psychology.com,46
ktjmalaysia.com,45
homecookingforkids.com,45
transformation-center.org,45
e360hospitality.com,45
lanstepapls.com,45
caringfamilyhealth.com,45
safehandshealthcare.co.uk,44
crawford.extension.wisc.edu,44
26organic.com,44
lumiair.com.sg,44
precisionscalesinc.com,44
spiceislands.com,44
merzkecustomwoodworking.com,44
thenakedpeach.com,44
2ndfamily.com,43
ecoglowcleaning.com,43
workoutlunatic.com,43
thedingking.com,43
gogreenrestoration.com,42
inlibro.com,42
thehousewire.com,41
artpluscraft.com,41
theliveincarecompany.co.uk,41
amarauche.com,41
allfoodpreparation.com,41
ehsrestoration.com,41
nyhc.com,40
hyperhidrosiscumc.com,40
mjhs.org,39
germx.com,39
govology.com,39
sustainablethrive.com,39
hearthandhomepros.com,39
homesforheroes.com,39
nriguides.com,38
familytieshomecare.com,38
hygienebook.com,38
livinglotustherapy.com,38
vinylitic.com,38
thehealthclubs.com,38
fitliciousmealprep.com,38
mcg.com,37
homelifeboss.com,37
midstatefirearms.com,37
citizendevelopmentacademy.com,37
thriveyard.com,37
easyfoodhandlers.com,37
jenkinsenvironmentalservices.com,37
lpskin.com,36
accuratetechservices.com,36
souleskitchen.com,36
parkcitiesathome.com,36
a2zozone.com,36
realcajunrecipes.com,36
biosweepal.com,36
betterautodetailing.com,35
canadafoodequipment.com,35
scientificmirror.com,35
winesofgreece.org,35
alicatstudios.com,35
mumbaiairport.in,35
thefoodtrust.org,35
recipecard.io,35
lifewithbrandi.com,35
2galshomesteading.com,35
handymanhomesolution.com,34
pureairsupply.com,34
adepco.com.sg,34
jaga-me.com,34
cadencare.com,33
detroit-appliance.com,33
academybodhivriksha.com,33
idealhcs.com,33
mydriversedge.com,33
lifepathscounseling.com,33
patriothomecare.org,32
ihcscorp.com,32
greenmaids.com,32
culinarylabschool.com,32
discoverhappyhabits.com,31
healingfamilyfunctionalmedicine.com,31
valentincastravet.com,31
energydrinkratings.com,31
serveitupsafe.com,31
pm-co.ca,31
weloveupholstery.com,31
dilchad.com,31
ncdsalliance.org,31
robertsgaragedoors.com,31
hemsltd.com,31
unclewileys.com,31
inlovewithtea.com,31
armandlee.com,30
betterhouselife.com,30
ennoblecare.com,30
protegrityrestoration.com,30
scentsandinspiration.com,30
puresoulcare.co.uk,30
skillmastertc.com,30
apic.org,29
wilsoncare.com,29
rachelsrealfoodkitchen.com,29
mionasbeauty.com,29
odordude.com,28
premierhcinc.com,27
menchyrestoration.com,27
allclimate.net,27
magicseasoningblends.com,27
thenaetclinic.com,27
alignedmedicalgroup.com,27
shynedetailing.com,27
purpleimp.com,27
cypressdermatology.com,26
familychoicehealthcare.com,26
banglacraft.org,26
sundryagro.com,26
fivesenses.com,26
bestofmealprep.com,26
ackermans.com,26
moldfight.com,26
carebuildersathome.com,25
creativenest.org,25
ignite-genomics.org,25
scottish-recipes.com,25
yetirestoration.com,25
naturalmadesimple.com,24
goodeatsandepis.com,24
generalpractice.com.pk,24
nexrep.com,24
simplysimplecooking.net,24
thesmoothieguy.com,23
therealgarykhan.com,23
ahmfurniture.com,23
just4recipes.com,23
parlourproject.com,23
sncleaninginc.com,23
vitadigest.com,22
bornsuperhuman.com,22
hrsbham.com,22
harmonycares.com,22
clean4real.com,22
multiplecleaning.com.au,22
codtronic.com,22
odorsweep.com,21
right-impact.com,21
thewholepurpose.com,21
yourprepperplan.com,20
terrariumquest.com,19
conciergehomecare.com,19
aimeewaltonslp.com,19
odor-pros.com,19
incarehhc.com,19
allwayscaring.com,19
ahealthyalternative.org,19
lacrosseallergy.com,19
denverdecon.com,18
caringinfo.org,18
addictionresource.com,18
theglobalmontessorinetwork.org,17
topmoneytips.com,17
lehmanningredients.co.uk,17
mangiene.com,17
healthycheaprecipes.com,17
serescodehumidifiers.com,17
anchored4life.com,16
diyhvac.org,16
safrax.com,16
mckinneydentaltn.com,16
gpswaste.com,15
campuspress.yale.edu,15
steri-clean.com,15
vinegarandbakingsoda.com,15
sunbirdseasonings.com,15
uploadcommunication.com,15
ayrking.com,14
nancyshomecare.com,14
goupskillme.com,14
projectbeautyshare.org,14
ezgogolfcartguide.com,14
needitation.com,14
mayshomecare.com,13
hhcare.net,13
chaircare.com,13
holisticsandiego.com,13
marcumsnursery.com,13
expertprepper.co,13
quietlyhouse.com,13
xyzcleaningservices.com,13
mastergermandodorremoval.com,12
nursing.stkate.edu,12
frontieraba.com,12
excel.shop,12
hopeinhomecare.org,12
adextesting.org,12
slurpculinaryacademy.com,12
thenashvillehandyman.com,12
elderaffairs.org,11
premierhce.com,11
americanpackout.com,11
alienfusiongenerator.com,11
betterhomecare.com,11
capitalhomecare.com,11
themouldmen.com,11
sagecleaner.com,11
movewith.com,11
therapyinsights.com,11
furnituretouchupseattle.com,10
bustmold.com,10
weberseasonings.com,10
theseniorlist.com,10
regencyhhc.com,10
feathersfins.com,10
comforthome-healthcare.com,10
restoredair.com,10
primaryhomecare.com,10
verywelhome.com,10
associatedequip.com,9
garmanscleaning.com,9
foodsafetyworks.com,9
freefromfavourites.com,9
consumerdirectcare.com,9
careathome.us,9
adamrosner.com,9
tri-countyfurniture.com,9
tutorialkart.com,9
haccp-portal.com,9
haysfoodbank.org,9
eddielewis.com,9
weekendeater.com,9
fruvesuperjuice.com,9
lifecarepersonalcare.com,8
toxinrid.com,8
recreatedhomes.com,8
amazingcare.com,8
fortworthhomerepair.com,8
oufcu.com,8
magtekmechanical.com,8
behavioranalystresourcecenter.com,8
happyearthcleaning.com,8
villagecaregiving.com,8
advance-recycling.com,8
docksidehhi.com,7
bobbybrownfoods.com,7
trueoutreachinc.org,7
sailsinc.org,7
gomillionfurniture.com,7
sandiego-autodetail.com,7
hhhcenter.com,7
sincebread.com,7
dynamicmomsimplified.com,7
prc-pa.net,7
whatcomabc.org,7
healthygallatin.org,6
wellcarehealth.com,6
andrewsrefinishing.com,6
mikefurniturerestoration.com,6
rakomariheshel.com,6
teksoftventures.com,6
willproconstructionok.com,6
vindusfans.com,6
seafoodhealthfacts.org,6
jasauerco.com,6
staydrygogreen.com,6
pca-int.com,5
markusfeldrestoration.com,5
akmishra.co,5
storylinebooks.com,5
biosweepsuncoast.com,5
therenaissanceshop.com,4
raphaelsantiques.com,4
angelwoodrefinishing.com,4
biosolutionstn.com,4
wildwoodsmallenginerepair.com,4
alenusa.com,4
thekliners.kitchen,4
pthomecare.com,4
alwayshomecare.org,4
foodmasta.com,4
dalesseasoning.com,3
danosseasoning.com,3
peoplecare.com,3
allathomehealth.com,3
developingchild.harvard.edu,3
erpschools.com,3
petodorremovalservice.com,3
tones.com,3
primecarehomecare.com,3
idcc.org,3
amatofurniture.com,3
formpak-software.com,3
elixirhomecare.com,3
ww2.georgiasouthern.edu,2
teamjp.net,2
vegoutmag.com,2
mybrotherskeepers.org,2
eggs.ca,2
buildingbiologyinstitute.org,2
accucarehomenursing.com,2
eastsideidealhealth.com,2
caregivershhs.org,2
wearekashvi.com,2
personalizedcareforall.com,2
ingreland.com,2
manoshomecare.com,2
gedminasfurniture.com,1
simplyhca.com,1
goldenplains.extension.colostate.edu,1
gsaschedule.com,1
personaltouchcdpap.com,1
marymoorfurniture.com,1
medicareinteractive.org,1
islam.org.uk,1
furniturerestorations.us,1
fnec.cornell.edu,1
floridafurnitureservices.com,1
rasch.org,1
simplyfresher.com,1
hpsny.org,1
restorationstationok.com,1
juicestoplincoln.com,1
stinkstomperssandiego.com,1
wnytotalbodywellness.com,1
discourses.org,1
homesimprovement.com,1
cmmonline.com,1
mikeshomerepairs.com,1
odorkillerpro.com,1
baby2baby.org,1
elitepersonalcare.biz,1
angelscarehealth.com,1
odornashville.com,1
acaai.org,1
holisticreflexbalance.com,1
rankedboost.com,1
pdcwellness.com,1
mortonsalt.com,1
meridianhomehealth.ca,1
homebridgenc.com,1
hygieneexpert.co.uk,1
odorremoval.us,1
greytrix.com,1
woodreviver.com,0
chefsnotes.com,0
duro-last.com,0
codedragontech.com,0
healinghouse.com,0
ameribesthomecare.com,0
vehicleodorremoval.com,0
ppai.org,0
hrcacademy.com,0
frugalfamilyhome.com,0
iff.com,0
healmedelicious.com,0
lantanarecovery.com,0
fundraisingexpert.com,0
hr.ucf.edu,0
fightbac.org,0
lifeline.com,0
homeodorremoval.com,0
medicareadvocacy.org,0
laboratorytesting.com,0
wellnesspetfood.com,0
nilmeierhomerepair.com,0
sobha.com,0
speedyfurniturerepair.com,0
livekindly.com,0
theglutenfreementor.com,0
bmwrepairguide.com,0
furniturerepairandrestoration.com,0
vitalitymagazine.com,0
icc.pressbooks.pub,0
behealthypa.org,0
sabreheating.com,0
newyorkstyleguide.com,0
yourgirlknows.com,0
hidaya.org,0
readingduck.com,0
phi.org,0
eatwheat.org,0
antiquetreasures.us,0
peta.org,0
damndelicious.net,0
nutriinspector.com,0
printblame.com,0
cleanriver.com,0
whatsfordinner.com,0
pocketfriendlyrecipes.com,0
griswoldcare.com,0
essence.com,0
grubbswoodworks.com,0
yabbawoodworking.com,0
turnerandschoel.com,0
ifh-homehygiene.org,0
energydrinkhub.com,0
pelleshvac.com,0
orgoallnatural.com,0
eatordrink.net,0
yellowchilis.com,0
pediatrichomeservice.com,0
iowahomecare.com,0
wwd.com,0
personalcare.net,0
new.organicfungusnuker.com,0
hhuny.org,0
kidsgardening.org,0
grimesinteriors.com,0
lumiformapp.com,0
excelbaby.com,0
personalcarefoundation.org,0
aircomfortheatingandair.com,0
beverlyhillsmd.com,0
europeanstudios.com,0
recyclenewmexico.com,0
puroclean.com,0
ecampusontario.pressbooks.pub,0
sundayseatery.com,0
ai4beginners.com,0
completehhc.com,0
specialdiet.healthyfood.com,0
pressbooks-dev.oer.hawaii.edu,0
carelearning.org.uk,0
waterfrontseafoodmarket.com,0
njfamily.com,0
ahcnys.com,0
decorhomeideas.com,0
6666flavors.com,0
guide.thecooldown.com,0
blog.uvahealth.com,0
atpeacehealth.com,0
durkee.com,0
apexcleanair.com,0
access.nyc.gov,0
personalcareseniorliving.com,0
naturefreshair.com,0
eqprogression.com,0
besthealthmag.ca,0
idealhome.com.pk,0
welovequizzes.com,0
aeroscopic.com,0
insightss.co,0
aaptiv.com,0
furniturerestorationri.com,0
amac.us,0
domidocs.com,0
howtobbqright.com,0
andersonmagazine.com,0
healthyhomeaquarium.com,0
habitsandhome.com,0
furniturerestorationnj.com,0
thehealthyhub.org,0
homecare1solutions.com,0
auri.org,0
baeldung.com,0
badiaspices.com,0
campbells.com,0
wearewater.org,0
hopehhc.com,0
pgpf.org,0
traditionalhomehealthcare.com,0
secondtimearoundrefinishing.com,0
tentoonerum.com,0
help.caterease.com,0
support.bluebeam.com,0
plantpursuits.com,0
teenhealth.org.uk,0
vna.health,0
alltimecare.com,0
learntable.org,0
gfs.com,0
sharepointdiary.com,0
todaysparent.com,0
sullyrestoration.com,0
belfor.com,0
bindropdumpsters.com,0
louisvilleantiquerestoration.com,0
carepointpa.com,0
commhealthcare.com,0
bostonholistichealth.com,0
familycarevn.com,0
valuecareathome.com,0
smartfoodsafe.com,0
aarogyasamhita.com,0
celsius.com,0
allfurnitureservices.com,0
robeks.com,0
cpdonline.co.uk,0
furnitureservices.com,0
compassionatecare.com,0
furniturecareoftexas.com,0
grovecityheatingandcooling.com,0
hmhub.in,0
madgetech.com,0
cleanertoday.com,0
dannysdelight.com,0
efficiencypr.com,0
personalcaresc.com,0
protocoolac.com,0
safehome.org,0
leadingage.org,0
vaporcleanse.ca,0
odorremoval.com,0
fantasticcleaners.com.au,0
pork.org,0
handcraftcool.com,0
diversified-foods.com,0
yummy.ph,0
fredericmagazine.com,0
berefinishing.com,0
thekitchenknacks.com,0
coalitionbrewing.com,0
phinational.org,0
homepinballrepair.com,0
baronspices.com,0
pynative.com,0
happi.com,0
victra.com,0
oxifresh.com,0
kitchenstewardship.com,0
opentextbooks.library.arizona.edu,0
webbair.com,0
pursueperformance.com,0
gardeningmentor.com,0
medicaidplanningassistance.org,0
runningmagazine.ca,0
smartgaragesolutions.com,0
escapistmagazine.com,0
besthomecarenj.com,0
incredibleegg.org,0
sleepadvisor.org,0
garagejournal.com,0
scoolinary.com,0
mergemedicalcenter.com,0
commongroundinternational.com,0
thegeriatricdietitian.com,0
aicr.org,0
zumibeauty.com.au,0
carefinders.org,0
mycookingmagazine.com,0
blogs.cornell.edu,0
preschoolmom.com,0
restaurantsnapshot.com,0
stylevanity.com,0
sebiguide.com,0
theceomagazine.com,0
sagesure.com,0
bostonneurodynamics.com,0
magazines.uthscsa.edu,0
albanhandymanservices.com,0
foodbankrockies.org,0
personalprimarycare.com,0
thisfarmgirlcooks.com,0
toolstroke.com,0
verificationguide.com,0
rakhesh.com,0
choosecomforthome.com,0
lunchbox.healthyfood.com,0
foodallergycanada.ca,0
handymanharrykc.com,0
coffeeparadiso.com,0
biosweeporegon.com,0
data.unicef.org,0
barbecuenews.com,0
alphagalinformation.org,0
thenutritioninsider.com,0
blogs.clemson.edu,0
cosmopolitan.com.au,0
snf.com,0
chrissservices.com,0
btechgeeks.com,0
pitmastercentral.com,0
homewellcares.com,0
articles.hepper.com,0
learnleansigma.com,0
asherfergusson.com,0
crosswordgenius.com,0
veganfriendly.org.uk,0
homeosource.org,0
opentextbc.ca,0
ecosensecompany.com,0
prettysimplemom.com,0
angelicaangeli.com,0
learn.eartheasy.com,0
kalosflorida.com,-1
verilymag.com,-1
theskincareculture.com,-1
pythonhelper.com,-1
vibrantlygfree.com,-1
mamaworksfromhome.com,-1
cleartest.com,-1
totalshape.com,-1
seniorhousingnet.com,-1
blog.psychmoments.com,-1
nchealthyschools.org,-1
heartysol.net,-1
palmettocleanfuels.org,-1
financeformyself.com,-1
whatisvinyl.com,-1
econewera.com,-1
biohelplearning.com,-1
firstcoasthomepros.com,-1
townehomecare.com,-1
foodmeetsscience.com,-1
kitchencookwarereviews.com,-1
beautifullyalive.org,-1
geminithermohvac.com,-1
dvd-forum.at,-1
juicernet.com,-1
nguyenstarch.com,-1
blog.ongig.com,-1
rutherford.tennessee.edu,-1
developer.wordpress.org,-1
travelonthefly.com,-1
cocktailsaway.com,-1
borderparkkitchen.com.au,-1
daringtolivefully.com,-1
sundayrainday.com,-1
alternativesyouth.org,-1
liquidimageco.com,-1
vivaglammagazine.com,-1
acupressureguide.com,-1
gardenerguidance.com,-1
tomrostron.com,-1
rebath.com,-1
verbit.ai,-1
whamwomen.com,-1
simplholistic.org,-1
ultimate-cosmetics.com,-1
bidhya.com,-1
squarehvac.com,-1
medsignals.com,-1
clearherbals.com,-1
destinationdeluxe.com,-1
foodsforbetterhealth.com,-1
asthma.net,-1
readersdigest.com.au,-1
thelunahive.com,-1
dmcoffee.blog,-1
7brewnutrition.store,-1
hair-affair.co.ukcrystalcleanhousekeepingservices.com,-1
yanfly.moe,-1
betterliveshealthyfuturesbw.nhs.uk,-1
ascot-meats.com,-1
newcleaningtips.com,-1
citywidemoldmitigation.com,-1
becomeselfsufficient.com,-1
roomcrush.com,-1
writesofluid.com,-1
flexhouse.org,-1
yorkvillecollege.com,-1
zigzacmania.com,-1
myselfcare.org,-1
kitchenhim.com,-1
poolpak.com,-1
seniorlivingdiscounts.com,-1
cvdesigner.ai,-1
goship.com,-1
projectplaytherapy.com,-1
tropicalacai.com,-1
imbarex.com,-1
cichlidlab.com,-1
fitcoding.com,-1
thunderwoodhandyman.com,-1
life-skills.middletownautism.com,-1
homelifeabroad.com,-1
mommysavers.com,-1
orchardcottagedental.co.uk,-1
coolastro.com,-1
sjvc.edu,-1
biosweep.com,-1
jennifercooks.com,-1
enableme.com,-1
carrington.edu,-1
doobert.com,-1
njholistichealingandwellness.com,-1
storyinliteraryfiction.com,-1
